strain,d_dist_from_food_edge_IQR_medianDiff_all,d_dist_from_food_edge_norm_IQR_medianDiff_all,d_dist_from_food_edge_w_backward_10th_medianDiff_all,d_dist_from_food_edge_w_forward_IQR_medianDiff_all,dist_from_food_edge_IQR_medianDiff_all,dist_from_food_edge_norm_IQR_medianDiff_all,dist_from_food_edge_w_backward_90th_medianDiff_all,dist_from_food_edge_w_backward_IQR_medianDiff_all,dist_from_food_edge_w_forward_50th_medianDiff_all,dist_from_food_edge_w_forward_IQR_medianDiff_all,food_region_edge_duration_50th_medianDiff_all,food_region_edge_frequency_medianDiff_all,food_region_inside_duration_50th_medianDiff_all,food_region_inside_frequency_medianDiff_all,food_region_outside_duration_50th_medianDiff_all,orientation_food_edge_in_edge_10th_medianDiff_all,orientation_food_edge_in_edge_IQR_medianDiff_all,orientation_food_edge_w_backward_90th_medianDiff_all,orientation_food_edge_w_backward_IQR_medianDiff_all,orientation_food_edge_w_forward_10th_medianDiff_all,orientation_food_edge_w_forward_90th_medianDiff_all,orientation_food_edge_w_forward_IQR_medianDiff_all,orientation_food_edge_w_paused_10th_medianDiff_all
AB1,19.5809,0.031693,4.2151,27.0168,843.5205,0.87178,1349.1225,455.9424,313.0509,614.1302,-4.12,0.013778,-78.76,0.0027028,1.64,-21.0523,11.9954,1.0982,24.6832,-8.8182,6.244,19.8179,-22.7277
BRC20067,22.3435,0.020853,-22.825,27.8417,623.828,1.1793,1120.1085,922.1799,465.2384,563.0939,-10.76,0.013012,-30.88,0.0087568,-33.06,-6.8538,10.3314,6.049,11.5087,-4.7798,3.0393,17.0838,-41.8235
CB4852,39.7196,0.055276,-35.8546,44.1035,657.6107,0.78342,378.999,1061.9178,802.9231,444.9965,-4.32,0.018284,-38.44,0.014718,-17.22,-12.0271,24.8472,-1.3414,30.5846,-7.1486,0.64822,21.0492,-4.5301
CB4854,31.4382,0.033766,-25.2877,35.9749,238.873,0.21308,1890.4471,525.6805,16.6928,160.9983,-10.32,0.02037,-34.02,0.0065584,-0.44,-10.4304,18.651,10.7355,15.4777,-9.4027,7.0422,20.2149,-35.2323
CB4856,30.918,0.025475,-33.2506,28.1783,363.6369,0.49559,1239.9802,721.1673,216.0495,311.0997,-8.38,0.01424,-36.69,0.0056894,-9.14,-9.8955,18.0384,9.2963,14.2992,-5.5063,3.687,13.4382,-44.4291
CB4932,24.5183,0.034699,-38.7203,25.4387,845.8162,0.83504,1956.865,2141.8872,761.9647,583.1871,-15.22,0.0085164,-31.26,0.0074607,-4.94,-9.2848,14.5828,16.35,21.5404,-6.1667,5.287,18.642,-41.6186
CX11254,36.1983,0.035325,-15.2949,34.6271,900.429,0.72455,-1360.1031,572.5259,164.4058,153.2231,-9.52,0.015376,-45.52,0.0065998,-30.48,-33.3309,37.4956,6.5775,34.4695,-8.8385,2.3148,20.9674,-2.953
CX11262,-26.5762,-0.021154,-7.0437,-19.6649,-537.4459,-0.37067,275.1217,-936.0776,288.2332,-402.6777,-3.12,0.003219,-29.04,0.009416,-4.42,-1.867,5.6537,18.7196,1.4043,-0.59601,4.7273,4.8016,-46.7705
CX11264,-4.157,-0.0027153,-1.3452,-5.5092,309.4937,0.54689,1542.1002,822.7954,160.118,227.9482,-6.16,0.011147,-49.28,0.0052868,-19.38,-16.0137,10.112,-2.1912,15.5683,-3.2099,4.175,4.973,-57.8989
CX11271,27.9843,0.048963,-45.8092,25.5942,839.8628,1.3231,1326.2183,1205.6704,566.541,706.1899,-6.32,0.015908,-42.72,0.018431,5.04,-10.6919,16.3711,18.9667,26.3659,-6.4672,5.8429,18.4145,-39.5066
CX11276,17.8273,0.020987,-12.9245,21.5497,410.5587,0.59023,189.585,-12.3341,374.6141,482.9305,-12.4,0.013677,-42.24,0.0097754,-25.66,-11.8928,8.5023,14.0935,11.881,-4.9398,7.5814,19.8952,5.5802
CX11285,-22.6363,-0.023309,-0.94703,-21.87,46.0228,0.084214,329.8923,201.5453,-182.5789,56.7252,-6.94,0.012082,-29.69,0.0036685,-5.84,-8.6436,16.1568,7.6234,3.3452,-2.2024,2.952,9.5604,-15.6341
CX11292,28.0552,0.040824,-20.0661,35.9895,758.7649,0.83508,870.2061,401.3526,493.1134,692.842,-4.96,0.0093042,-33.64,0.0042696,-1.8,-11.6882,15.9468,17.0276,19.5287,-10.6676,8.9775,23.5232,-26.0663
CX11307,22.8637,0.025842,-18.6141,18.5542,202.7216,0.36444,1951.5553,403.5724,173.6084,92.0802,-18.36,0.012855,-55.24,0.0069351,-6.48,-18.3712,24.9558,-1.207,17.4291,-7.3236,0.6861,18.3797,-19.6098
CX11314,40.6375,0.054032,-27.9489,39.2026,605.8672,0.68634,842.7837,376.4569,435.9121,574.4913,-10.04,0.019436,-34.22,0.0063154,-0.95,-17.3209,21.2064,14.9636,18.8981,-10.1197,7.1349,24.3579,-13.1901
CX11315,69.2204,0.078786,-24.74,55.8325,735.9305,0.85059,1660.8698,1515.917,427.2018,420.739,-9.78,0.013879,-51.8,0.010895,-10.44,-28.9201,29.6319,11.0507,41.5786,-12.2713,5.4469,23.1359,-49.5582
DL200,-19.326,-0.018483,-11.8818,-11.9115,313.2015,0.25333,1487.1501,444.2223,119.7621,-369.6586,-7.44,0.013728,-32,0.0072182,-9.76,-4.0852,3.107,3.2023,7.0939,-0.31549,2.6834,-2.299,-41.8205
DL226,14.6455,0.014557,-13.4309,6.8737,276.9224,0.31339,1668.3947,690.4243,757.5067,85.0159,-9.64,0.010087,-46.4,0.012334,-8.82,-18.9785,14.9401,9.1688,10.6334,-1.1575,1.6003,4.7343,-31.6882
DL238,47.3086,0.059786,-39.3433,42.6768,-125.1127,-0.18564,195.6923,716.2819,-3.7125,53.3694,-10.03,0.021707,-37.85,0.0066284,-7.78,-12.9089,16.2157,4.2116,13.733,-4.3352,3.6771,9.6159,-10.3476
ECA246,13.9625,0.026275,-28.8071,17.4023,949.1782,1.9362,1321.0833,1863.2012,621.8628,1004.7328,-40.53,0.011833,-96.06,0.0099532,-37.1,-7.1401,10.6927,17.8744,21.2902,-3.5623,5.9908,22.5755,-24.873
ECA248,39.7861,0.044624,-17.3663,40.8694,1084.7778,1.1924,657.798,748.6465,571.4453,1088.8174,-5.88,0.015934,-70.42,0.0064622,-13.48,-23.6096,24.952,4.0437,31.268,-20.4819,10.6712,29.428,-13.3807
ECA250,40.6416,0.02303,-10.449,45.0749,911.2001,1.1463,1337.3917,838.7348,691.1538,1062.3706,-9.56,0.012685,-46.32,0.0069292,-16.32,-9.5734,30.6377,10.1376,14.4746,-5.5281,9.5098,19.0865,26.7864
ECA251,44.12,0.050068,-23.7741,57.0004,1444.4285,1.7072,3108.8007,1227.7761,926.128,1490.112,-8.62,0.012451,-28.36,0.0094001,-7.04,-18.8404,21.6378,26.2254,32.6456,-15.2564,10.9708,36.542,-33.5183
ECA252,1.3757,-0.00023182,1.2386,7.2053,205.9729,0.45017,651.9604,253.3485,405.9655,87.3347,-48.8,0.015461,-28.52,0.010984,-24,-20.8979,23.389,15.4663,19.2941,-2.7402,5.0205,14.0326,-0.4116
ECA259,42.7058,0.045655,-26.1528,33.8523,319.5521,0.44241,767.6843,791.8342,431.8947,322.1323,-6.15,0.017209,-29.08,0.01237,-8.75,-14.6623,5.8396,1.0447,14.5161,-2.1143,1.9844,2.6655,-72.0565
ECA348,44.5162,0.057568,-26.4543,30.8208,72.0342,0.14612,1476.2838,532.8438,314.8239,-191.8921,-7.52,0.0041599,-59.74,0.0056315,-13.4,-25.7644,9.0415,-3.0102,13.7985,-11.0168,-2.5997,11.3006,-23.3936
ECA349,47.155,0.044361,-24.3992,45.6538,1345.3878,1.7197,585.3608,879.7375,519.9665,1417.5806,-5.4,0.010026,-38.32,0.0048515,-6.36,-16.5563,20.5128,13.13,30.0699,-9.1132,8.6522,27.0975,-40.4191
ECA36,-4.6299,0.0077432,-93.7817,-7.8424,71.3395,0.32414,1694.1783,1187.5466,153.0133,126.1514,-8.5,0.026099,-34.76,0.010082,-10.8,-3.0142,4.0855,43.2355,22.2039,-0.39194,1.3345,4.7135,-11.4181
ECA363,-14.3905,-0.0062324,17.2756,-1.9817,104.0432,0.54679,-283.142,-1053.9384,-354.9961,333.5896,-3.98,0.0084806,-38.62,0.0072004,-7.4,-3.2276,21.0242,12.6175,13.1811,-2.1287,5.2987,11.2961,-16.6342
ECA372,39.7079,0.045159,-45.6305,43.2993,1052.6935,1.1034,2156.2432,1713.106,703.4123,1006.6797,-6.64,0.020329,-60.82,0.015357,-10.39,-13.4259,26.3226,6.3894,26.552,-8.089,2.2244,16.9093,-52.9045
ECA396,-40.6331,-0.054331,-3.6904,-21.8749,406.2367,0.35996,2609.1525,657.0726,456.7086,515.2289,-5.36,0.009828,-41.28,0.0099323,-4.1,3.6031,17.4034,7.8387,6.4033,0.71703,1.35,2.619,-37.9967
ED3005,63.9077,0.072061,-39.4489,64.0389,599.5836,0.63225,688.0446,475.0849,471.955,539.5901,-12.2,0.021268,-38.4,0.0041659,-14.02,-18.6422,35.8459,40.0195,50.2869,-7.4657,13.4521,30.7175,-6.9286
ED3011,16.9244,0.033334,-38.2551,18.7463,1062.8002,1.4754,1130.8058,1210.6908,303.3683,976.3534,-25.64,0.019185,-37.76,0.0068562,-15.8,-7.6388,19.2177,13.6535,17.2257,-2.4685,7.5413,16.567,-14.9964
ED3012,32.7075,0.038304,-34.4448,32.293,893.02,0.94909,1236.751,1210.6457,488.6418,843.5674,-25.4,0.015119,-42.74,0.0077903,-2.74,-9.0804,16.1834,16.7087,9.2813,-7.2438,4.532,19.3161,-61.3653
ED3017,8.6002,0.016861,-25.76,5.1182,384.2727,0.65641,1126.8264,1422.1823,348.0978,347.3218,-10.68,0.015849,-31.82,0.013478,-4.7,-6.9673,12.5407,8.4457,14.2778,-2.8155,4.4426,8.8467,0.94982
ED3040,34.3784,0.033288,-40.3321,38.2944,241.0876,0.072826,619.613,1172.6003,816.4088,189.5702,-3.74,0.01496,-24.33,0.012495,-2.78,-15.5912,20.8217,21.551,24.4611,-9.8172,7.8789,17.4086,-45.0883
ED3046,23.8637,0.028865,-12.8137,33.7269,1278.7794,1.3154,1018.0117,513.7653,610.7009,1354.3502,-4.9,0.017072,-43.16,0.0051151,-10.38,-14.8011,26.0964,9.6986,40.9045,-11.6122,4.8651,26.9778,-20.534
ED3048,28.0406,0.04749,-30.9175,24.8375,849.5118,1.0009,1370.5278,1568.877,682.6395,743.3492,-6.36,0.021391,-30.39,0.016312,-14.62,-9.7355,21.8458,7.5281,14.0675,-4.6646,2.2849,21.6051,4.9944
ED3049,24.467,0.041104,-12.2393,34.1606,886.3098,1.197,2300.1486,910.2798,550.6819,806.6376,-5.36,0.016888,-41.64,0.012269,-21.98,-15.1386,18.7711,0.13845,31.8955,-10.7038,8.4349,22.9888,-42.5942
ED3052,52.0584,0.058589,-31.7577,53.7994,875.4257,1.168,1271.0146,494.8665,562.5856,777.9603,-10.58,0.022829,-46.68,0.011561,-10.8,-20.5304,27.1886,24.8759,27.5289,-11.3481,3.3165,29.5688,-8.7221
ED3073,31.406,0.04342,-18.0272,40.9064,-136.5153,-0.10881,-551.5116,127.9216,140.6174,130.9315,-13.4,0.016132,-44.42,0.0040494,-9.6,-13.3883,21.3927,-7.642,12.6308,-5.7829,3.3686,14.803,-27.0614
ED3077,-19.9235,-0.014968,-29.3534,-15.8345,464.2491,0.49638,1542.2939,906.4372,392.2361,300.3525,-15.2,0.015328,-38.92,0.0045066,-5.4,-7.1241,13.4755,-3.0663,20.3667,-1.2958,0.60983,10.9778,-51.191
EG4347,49.0966,0.046007,-43.0975,48.4072,880.319,0.91821,2156.3583,807.0334,502.0227,786.8486,-9.64,0.019328,-56.12,0.0052005,-7.8,-17.7571,20.6774,19.9027,32.5442,-3.8685,3.5915,24.199,-52.1689
EG4349,43.2607,0.043419,-25.2981,42.1304,948.5413,1.026,1358.2844,425.2395,571.2638,831.1245,-6.24,0.017244,-43.16,0.0048742,-6.76,-24.4761,17.9494,10.6274,30.3476,-12.3504,7.7773,28.987,-23.2781
EG4724,12.4547,0.014316,-20.0917,12.2623,651.667,0.63819,299.5142,742.7492,439.8501,627.248,-19.96,0.013522,-36.02,0.0054585,-8.24,1.636,7.2694,0.25109,-0.49715,-2.9985,6.4531,11.4102,-5.6879
EG4725,28.8348,0.040719,-16.0429,27.9637,663.1257,0.84082,799.5833,414.2223,389.6127,563.1481,-6.82,0.013362,-40.04,0.006606,-5.88,-12.8836,18.6232,4.4447,16.2935,-5.3464,0.7881,18.7982,-28.5303
EG4946,47.5114,0.052065,-59.8383,39.2671,326.335,0.37682,968.9889,858.801,314.1457,398.5057,-7.62,0.0088051,-31.5,0.0070084,-11.18,-5.2333,25.6068,19.8405,24.6913,-5.4236,8.698,23.0152,-0.79707
GXW1,18.2562,0.015091,-38.0186,17.1172,1486.3459,1.7176,2731.541,1726.4784,793.5546,1503.0958,-9.26,0.010113,-33.5,0.0066188,-15.52,-20.4939,26.7647,12.553,36.4509,-7.9792,6.7546,28.1998,-37.3427
JT11398,17.1602,0.021583,-31.7543,20.3563,697.7685,0.89323,2048.8824,1359.2167,697.0821,611.2462,-7.58,0.010268,-30.1,0.0087698,-4.58,-9.002,14.0692,14.5839,13.2347,-4.4971,2.1429,16.6059,-41.538
JU1088,24.0212,0.032091,-17.7802,27.0322,857.8003,1.186,1362.9602,1096.7211,720.2505,810.5784,-11.2,0.02018,-38.14,0.013542,-14.98,-6.431,15.6798,10.9413,22.7472,-9.1343,3.6291,18.4754,4.7045
JU1172,15.7128,0.013538,-50.0172,12.4934,584.6205,0.67626,2372.0531,1483.6217,244.299,421.0112,-11.7,0.0094385,-33.8,0.014531,-12.8,-17.0656,20.3921,11.0549,26.1323,-8.3558,2.6093,14.1717,-39.9942
JU1200,28.6383,0.049201,-22.2847,31.2374,168.343,0.1521,-1302.3391,262.5412,333.3617,215.7954,-11.16,0.013628,-41.52,0.0068078,-7.28,-8.4669,16.2779,-2.7475,11.4968,-3.6557,4.458,13.834,0.35669
JU1212,37.3183,0.040122,-39.7517,40.824,734.9359,0.78052,1366.5161,693.5564,265.2293,566.9828,-12.44,0.0096378,-33.24,0.0063321,-2.84,-13.7167,22.9342,28.9029,24.388,-8.6081,8.3944,24.3003,-41.1638
JU1213,40.5421,0.043312,-40.6772,42.0987,552.7281,0.50194,1156.4713,911.2993,606.9473,575.3098,-11.52,0.018402,-36.78,0.011738,-8.04,-17.7208,24.9677,19.8412,21.1892,-6.2398,6.7626,26.5564,-41.7537
JU1242,38.9875,0.051422,-30.8757,39.2879,586.7268,0.79063,854.9679,528.9909,380.3911,699.4531,-14.72,0.015797,-42.96,0.0057258,-14.3,-17.278,19.635,11.0639,15.7614,-8.7744,7.3106,24.7901,-7.5814
JU1246,22.5816,0.03103,-16.6983,23.1715,1074.7506,1.2024,1647.3434,832.0402,452.5675,1003.7269,-8.24,0.018727,-43.64,0.0076577,-6.9,-8.8368,18.5731,18.1619,9.4735,-4.3282,4.5944,19.4162,-60.0579
JU1395,57.8868,0.065767,-35.2279,52.9788,1151.4875,1.4575,563.9407,569.9296,475.5658,987.0939,-10.1,0.010917,-41.66,0.010113,-4.1,-17.7413,36.5924,8.0678,33.1293,-5.4677,4.9705,18.8576,-7.8669
JU1400,22.8043,0.026955,-21.7535,21.7274,552.7766,0.53457,2508.1125,678.6587,310.5587,440.2911,-7.42,0.010002,-47.6,0.0031773,-1.18,-16.2124,25.6525,5.2345,32.4129,-8.9071,0.3899,15.2229,-5.8976
JU1409,37.1382,0.039005,-51.3236,33.3934,473.4238,0.33864,1181.1271,675.7513,438.2835,440.1879,-6.48,0.017772,-30.12,0.018054,-1.64,-17.0461,21.5528,10.276,11.9937,-8.4559,3.0815,18.8442,-36.2905
JU1440,9.6425,0.0087441,-13.8565,11.9962,517.4568,0.59701,1364.5343,349.7972,112.3413,414.9792,-13.92,0.013099,-30.8,0.0043958,-20.12,-1.2638,5.9483,0.64363,10.3766,-1.5346,1.2905,13.0298,26.6853
JU1491,37.4053,0.042342,-10.5336,37.5075,1063.551,1.5561,2271.2399,864.9472,540.1604,962.7473,-6.88,0.014704,-51.96,0.0087964,-12.12,-33.3108,32.2478,-7.1763,32.3584,-12.1749,2.3426,30.7469,-44.3826
JU1530,58.9454,0.063142,-25.4849,62.3432,1316.4915,1.3832,1849.8136,709.5803,561.6668,1217.3215,-5.74,0.017602,-52.76,0.010009,-13.54,-19.5167,29.4051,15.0977,34.9721,-7.5075,7.8284,33.2387,-29.6212
JU1543,-11.5799,-0.012772,13.9105,-12.9301,-1476.498,-1.797,228.9739,152.2273,-441.555,49.2991,-6.94,0.0097203,-32,0.0037356,-19.24,-2.5855,4.0394,-9.1844,-9.5249,-1.4762,-6.8298,-8.059,-37.6903
JU1568,23.8159,0.03006,-17.8122,22.2803,861.3154,0.65412,1025.176,1349.6375,713.1874,879.5585,-9.82,0.013787,-38.72,0.0066575,-19.98,-12.7388,8.6843,8.1711,12.134,-4.3055,3.5588,15.9406,-10.7577
JU1580,14.9766,0.016639,-16.8306,17.015,1118.2817,1.397,2601.9866,1778.6911,465.0063,1091.7294,-7.24,0.0098648,-47.24,0.0073539,-19.5,-18.4224,21.9879,9.7883,27.1,-9.1879,4.3214,20.8725,-31.6097
JU1581,10.5471,0.021346,-42.8969,9.7494,504.9902,0.43938,1628.4343,1665.7866,663.428,404.7776,-9.66,0.019433,-26.2,0.019556,-2.24,-4.311,10.1097,17.9351,18.2554,-2.4426,2.7732,9.1509,-0.68517
JU1586,27.8389,0.034925,1.5374,29.6753,610.8798,0.78474,485.8649,921.4708,408.2475,547.2009,-8.38,0.013697,-22.9,0.0048094,-4.86,-19.871,28.5423,6.0744,23.7857,-4.3643,6.9535,23.2678,-8.0877
JU1652,41.0489,0.042929,-29.2558,27.7486,396.2509,0.25565,1793.2176,627.5083,19.1772,227.6716,-9.56,0.0093375,-50.7,0.0046867,-28.52,-15.9586,17.3213,14.6452,26.5616,-7.7517,6.375,18.0592,6.7943
JU1793,18.4174,0.0264,-8.9683,15.7511,408.9088,0.54383,1753.901,922.1721,265.4679,122.3181,-4.13,0.0059683,-63.52,0.0062643,-26.58,-1.3858,11.0839,2.8183,18.1042,-5.007,-2.6948,7.4202,-22.1986
JU1808,2.9582,0.0059997,-1.0278,6.5899,582.4917,0.61114,2260.1499,1461.9054,354.9608,561.5361,-4.12,0.0062797,-32.54,0.004292,-15.98,-7.7006,-1.6613,2.1484,-6.5757,-2.075,0.63645,0.74576,-74.5366
JU1896,47.2522,0.049661,-10.7468,43.3936,1038.5464,1.0811,1812.0511,566.307,328.4903,929.6881,-11.98,0.014838,-46.9,0.0065131,-13.6,-26.3504,22.69,11.382,14.7201,-7.9203,1.304,18.9894,-3.8484
JU2001,0.95746,-0.0016963,-18.6543,27.0632,547.6814,1.0703,1592.3511,680.539,248.0041,499.5895,-12.16,0.0046017,-36.18,0.0021554,-16.98,-16.2672,26.2517,18.6072,30.6624,-11.2822,9.5687,23.9279,-22.6597
JU2007,34.9099,0.034893,-21.8249,36.0794,700.5735,0.70824,1474.2343,551.262,463.3073,630.9788,-6,0.015452,-26.8,0.0049366,-7.04,-13.7357,21.3421,15.6991,11.1165,-6.405,7.7463,19.8878,-2.3782
JU2131,46.0162,0.05504,-47.2406,48.5793,1018.7016,1.2114,1431.6026,340.2904,185.3054,947.0667,-7.84,0.015066,-27.76,0.0020264,-12.66,-13.4136,22.9342,23.4772,37.6052,-8.5852,7.2188,25.03,-3.199
JU2141,56.4702,0.065625,-44.2887,51.8032,460.6554,0.40405,1430.3015,761.9021,312.9961,335.6555,-9.36,0.01325,-48.4,0.0069431,-28.5,-23.7236,22.6481,1.811,25.5705,-9.1942,4.1156,24.7399,-42.907
JU2234,12.8983,0.0087731,15.8778,18.3112,486.5878,0.35849,397.2061,65.2206,315.9201,546.3071,-3.8,0.013685,-42.3,0.0084008,-16.08,-9.2995,16.5034,1.9301,2.8343,-3.481,1.7893,12.512,-44.1518
JU2464,3.9948,0.0090416,-10.3291,14.1632,1144.0537,1.3916,1494.0706,259.3741,209.1508,1132.9,-5.08,0.007563,-32.56,0.0019771,8.84,-10.9924,15.3626,7.5229,20.3256,-11.7222,8.4807,23.3002,-48.7859
JU2466,-3.7051,-0.0038778,-23.7955,8.871,584.3494,0.73932,1900.0479,956.2765,531.6553,533.02,-7.52,0.0062824,-52.36,0.0069639,-13.08,-18.9826,30.4143,6.1788,46.1778,-6.7136,9.6091,25.696,-55.0037
JU2513,41.3672,0.047705,-27.9922,34.9624,999.6554,1.1664,2149.7062,1414.1926,694.7178,887.078,-6.98,0.019998,-33.44,0.011736,-6.96,-10.767,23.945,20.3346,23.7691,-5.1108,2.3592,21.4776,-59.1912
JU2519,14.9566,0.023164,-18.5713,20.8744,404.1447,0.39011,981.6417,367.8674,324.5255,264.2015,-23.74,0.016823,-54.88,0.0049326,-30.36,-12.9397,7.9718,8.2042,22.1986,-7.7268,7.3277,16.7305,2.7705
JU2522,12.4902,0.01791,-19.0768,14.8656,-348.9349,-0.36377,-897.3014,-145.2092,-609.2739,-300.4019,-8.64,0.01058,-28.48,0.0019172,-7.22,-12.5007,18.9881,6.3704,15.9905,-4.6165,-0.28065,9.7558,-0.48679
JU2526,2.8942,-0.0066611,-59.4604,13.8418,369.3003,0.44982,1822.1214,890.9008,499.1163,488.0826,-6.44,0.014994,-38.72,0.0088602,-11.22,-10.9847,18.8907,32.8612,14.1357,-4.4086,2.2915,11.9435,-56.8007
JU2534,22.4832,0.026321,-15.7867,13.6711,798.467,0.93528,979.4963,697.1167,248.9594,770.754,-6.6,0.017152,-45.3,0.010086,-10.02,-8.8799,17.3301,2.1396,16.5246,-5.9581,0.39433,7.9043,-17.4638
JU2565,1.6848,0.002088,-3.6647,-4.7199,665.5842,0.36424,484.6162,606.569,185.6533,191.9006,-3.7,0.0076578,-38.84,0.0037311,-14.78,-10.3886,12.5042,1.7297,11.1673,-5.7308,1.8063,8.5487,-36.9253
JU2566,28.1153,0.035388,-22.8589,26.6709,172.2751,-0.15573,-320.0322,317.8567,322.883,205.4343,-13.48,0.014102,-48.2,0.0079428,-6.96,-15.2881,31.2387,13.4679,30.6467,-1.3699,3.2188,16.2368,-23.7168
JU2578,30.8565,0.048798,-0.57395,40.8579,937.9796,1.1446,1400.3828,471.2099,235.5606,1030.3634,-3.92,0.0045231,-28.12,0.0024166,-21.12,-14.7014,13.3085,-0.17068,6.8997,-5.921,6.9361,20.4893,-34.6161
JU258,12.2063,0.0075008,-33.6614,13.8808,357.0648,0.040945,378.2361,1033.4975,394.0808,129.1901,-11.52,0.020588,-39.7,0.013956,-7.19,-14.8299,19.1669,5.8631,18.7853,-3.1716,-0.39993,6.3526,-10.1477
JU2587,39.2471,0.045044,-23.9806,47.521,1586.5913,1.8292,1748.9979,880.2764,651.935,1529.484,-10.58,0.007973,-43.2,0.0069482,-3.24,-38.0486,17.9766,10.763,38.9398,-22.9703,12.3984,38.6396,-25.0455
JU2593,64.653,0.059069,-42.5353,67.5347,1171.2753,0.98637,2128.9205,165.0004,430.3202,1060.4885,-8.18,0.017191,-49.08,0.010373,-12.74,-21.8118,37.3835,6.8971,31.7774,-2.1025,5.6038,17.6902,-31.995
JU2600,7.8602,0.012752,-6.3282,1.7741,398.2496,0.7554,1230.2405,326.0737,348.9168,441.6805,-7.38,0.01881,-32.22,0.0081052,-7.48,-14.5078,21.2405,-4.9023,6.2089,-1.3395,0.18254,0.44351,-11.5435
JU2800,33.3116,0.027045,-32.7258,38.357,155.7798,0.1314,1.9854,587.2497,245.4686,281.6003,-8,0.018266,-21.28,0.0031632,-10.3,-15.0814,19.6131,5.1546,5.6613,-9.6118,3.7746,18.3252,-2.2555
JU2862,-0.86557,0.016911,-3.9654,6.3122,446.5524,0.63912,756.4832,243.6998,157.4194,580.4436,-7.14,0.021903,-30.76,0.0036926,-13.8,-2.1335,9.5079,8.4447,4.2742,-1.9477,-0.75533,4.4915,30.8939
JU2866,39.6987,0.031665,-53.5421,26.1447,598.7247,0.64734,2240.1779,899.1235,26.1125,218.8472,-6.64,0.018824,-58.06,0.0089031,-18.16,-12.5224,4.364,-0.98036,17.5895,-2.5798,0.52387,5.4925,-3.7253
JU2878,3.7029,0.016524,-30.0292,8.3068,344.2289,0.63823,567.3937,449.3555,151.897,468.7379,-11.88,0.018918,-46.55,0.0056129,-6.34,-7.9435,18.58,22.9433,16.3239,-7.7815,5.6051,13.844,-40.1983
JU2879,2.9953,-0.00077198,-32.2985,-4.3477,-420.7117,-0.6464,2261.5085,-512.0479,550.2168,-325.1853,-7.92,0.024278,-47.54,0.012941,-18.14,-9.6769,17.3057,20.7609,-5.1884,-3.42,-2.058,-2.2366,22.1283
JU2906,-10.6937,-9.2268e-05,-17.9466,-1.7582,-461.3308,-0.5031,1199.8983,427.1339,244.9184,-223.5244,-5.08,0.013495,-53.36,0.0046022,-14,6.362,-11.56,-8.295,-12.1802,1.7877,0.74297,-0.87115,-33.723
JU310,27.9429,0.030163,-15.337,31.1279,751.283,0.9724,108.2092,643.1705,49.7683,880.4761,-5.74,0.0052488,-35.44,0.0014721,-10.54,-12.7366,11.781,0.14645,12.7219,-8.9578,4.46,13.7805,-38.5609
JU311,51.4902,0.055904,-33.85,29.5084,-18.6901,-0.041582,403.3328,1239.4361,448.783,156.3938,-36.52,0.019735,-48.77,0.0159,-9.17,-13.717,15.5106,11.8394,14.1634,-0.76057,0.93952,8.1661,-10.5052
JU3125,29.3574,0.024997,-11.0697,21.4204,-413.5715,-0.77595,1379.7206,438.7421,403.0677,-676.937,-7.84,0.021241,-47.54,0.0058778,-12.04,-17.6306,-8.786,-16.1179,-6.8802,-6.6638,-4.3106,0.3025,-69.2942
JU3127,55.6783,0.068325,-16.4908,48.816,1005.8495,0.9144,1458.0555,1430.688,564.4695,783.5865,-13.8,0.012068,-32.68,0.011166,-5.84,-22.2192,17.859,-0.31994,16.6053,-10.4918,3.3224,20.3747,-22.1325
JU3134,40.0236,0.051537,-30.7096,37.9158,911.23,1.1719,2375.3619,1031.1401,394.3535,876.5569,-11.72,0.011974,-41.68,0.0048274,-11.5,-18.2202,27.0063,8.2948,39.5362,-11.5082,7.4474,26.8538,29.9772
JU3135,-2.0146,-0.0033237,-13.0146,2.5008,-58.3931,-0.09725,213.3022,148.9913,24.3428,62.7454,-9.94,0.017082,-35.4,0.0030824,-6.6,-8.5725,19.6744,10.1215,15.1212,-1.5285,0.58357,9.183,55.7833
JU3137,-2.097,-0.0003392,8.3901,1.8735,211.5203,0.18725,1843.1459,350.8818,631.0879,163.8689,-6.2,0.010721,-57.64,0.0078628,-11.32,-8.6978,17.5125,0.088264,6.4902,0.011009,0.89857,4.9557,-52.7953
JU3140,21.7143,0.016522,-17.5539,6.8364,475.2529,0.24645,1281.1268,484.4403,86.4911,214.5886,-3.82,0.011217,-38.88,0.0030452,-9.86,-26.5391,13.6321,5.3704,21.5574,-2.547,-0.86092,0.35319,-31.7655
JU323,48.702,0.058173,-41.5758,46.9563,76.6669,0.087767,-144.9036,379.7457,344.2717,137.0217,-11.44,0.024964,-28.36,0.0090627,-14.6,-11.7528,27.3204,22.0984,32.9175,-9.1761,8.0708,28.4054,10.9524
JU346,33.5991,0.049374,-22.5309,42.7685,1129.1828,1.2958,1380.3597,524.8234,685.981,991.4663,-8,0.014056,-49.04,0.0087806,-27.4,-26.052,23.7915,21.619,31.4505,-14.345,17.7851,35.5356,-31.446
JU360,37.3094,0.033132,-74.7772,35.1588,510.2433,0.31694,1843.6176,1122.9837,447.1022,508.5771,-7,0.016116,-35.96,0.011944,-3.64,-13.9287,25.0463,35.8501,16.6955,-6.8386,2.9505,19.5669,-34.8089
JU367,23.095,0.022352,-50.0065,29.2514,1202.2295,1.3952,1722.583,742.5828,672.8849,1133.9622,-3.8,0.014221,-33.52,0.0072867,-27.86,-21.3145,26.2399,32.0738,43.6366,-8.3659,12.0945,28.0294,-42.5155
JU393,16.0853,0.020679,-20.6708,22.4887,675.4811,0.95457,1451.5876,592.6904,309.1386,687.3129,-30.28,0.010927,-40.92,0.0046682,-15.78,-8.7699,23.6571,16.0736,22.8282,-3.3694,9.0794,24.6349,-37.0277
JU394,34.1218,0.038777,-5.1953,38.3044,1445.9361,1.46,1532.3293,1088.3318,674.7665,1336.0109,-2.98,0.013813,-48.6,0.0072833,-5,-17.1119,16.9203,5.1653,27.8337,-11.5256,2.8401,28.2278,-2.4928
JU397,1.873,-0.0051902,-17.8312,1.227,-345.1572,-0.34836,1662.4448,-707.7675,-29.733,62.4297,-12,0.010559,-48.68,0.016966,-15.42,-11.345,3.5107,0.6406,5.2657,-2.0258,-2.5605,11.7735,-52.6567
JU406,36.6975,0.055824,-11.9041,41.8687,1253.0001,1.583,1485.871,777.4527,741.4823,1350.0508,-9.78,0.017811,-38.42,0.010301,-10.54,-12.9831,19.0927,-1.3681,22.4559,-5.5221,-2.2694,19.8934,-31.5533
JU440,22.2148,0.024434,-40.6867,22.3211,75.3245,0.25967,1281.6411,1324.9647,-69.366,116.9663,-14.94,0.011258,-28.84,0.011698,-6.78,-2.7488,18.671,22.1636,15.6641,-0.68679,4.4293,9.9364,-52.2992
JU561,22.8876,0.037487,-35.3765,25.3011,868.678,0.82593,2064.0112,1340.3649,258.1313,832.8091,-9.36,0.012056,-44.52,0.010741,-12.28,-28.0422,17.7297,-5.6092,14.9877,-10.3744,5.5151,19.9871,-41.8284
JU642,22.1265,0.028676,-15.7096,27.8253,423.1206,0.65811,1243.4943,938.2964,394.6559,510.4952,-12.52,0.015168,-40.28,0.011228,-20.74,-13.748,23.0705,-4.1741,16.5682,-5.3295,3.4982,15.7346,-42.1958
JU751,27.9387,0.036442,-36.6557,42.5977,996.4474,1.1745,1747.5156,-518.3594,212.0779,-42.2195,-5.28,0.013664,-34.6,0.0072831,-25.14,-22.5963,-4.6294,6.3139,12.4305,-3.7676,-0.22752,4.6654,-41.948
JU774,19.0303,0.027725,-24.7383,25.8032,402.2867,0.7027,384.1094,1322.2647,596.6899,329.2683,-13.32,0.018337,-39.52,0.024413,-8.06,-20.6569,22.2005,1.0256,18.9195,-7.31,4.0478,18.5804,-52.3577
JU775,40.1777,0.051429,-32.7341,34.5204,1111.34,1.215,2285.4907,1087.4708,814.2908,1009.1222,-9.08,0.018812,-44.14,0.0096413,-10.46,-24.9963,24.7246,12.5121,40.2613,-11.8936,4.2725,24.6181,-41.0032
JU778,15.2861,0.0097155,-6.3871,6.6197,517.3019,0.53272,2225.6183,1323.9515,448.9258,412.8042,-17.6,0.017545,-46.78,0.0078732,-15.57,-11.6584,16.1016,2.3769,21.6116,-5.1685,2.1815,12.9719,-44.7428
JU782,33.9348,0.021599,-24.1834,32.408,1136.7812,1.2423,2405.6268,780.9508,683.8804,1011.3502,-7.44,0.0181,-42.52,0.0069035,-15.28,-13.5927,29.5588,30.4942,34.0101,-7.8901,9.4522,22.7641,9.1132
JU792,18.1138,0.015107,-32.2959,18.9315,982.5919,1.1209,2377.574,1421.9065,776.0545,863.1047,-17.4,0.015715,-44.52,0.010348,-0.84,-19.83,16.3128,8.4634,28.9802,-8.4273,-0.98146,17.8957,-46.5711
JU830,12.3895,0.017924,-0.83181,24.2575,981.8279,0.85199,1330.9961,1320.8075,708.8027,994.2216,-7.6,0.0091674,-25.24,0.012612,-25.6,-8.7379,16.8788,7.4092,28.1992,-6.1408,1.0741,19.7533,-58.5241
JU847,7.3881,0.0087444,-6.3204,15.6721,62.0839,-0.047119,-1295.8391,-486.6602,400.0791,142.636,-12.76,0.015746,-51.64,0.0082077,-6.96,-12.9366,18.1591,9.1411,16.1736,-1.8507,2.819,8.8614,-40.2193
KR314,26.4401,0.029727,-20.1174,29.3446,441.929,0.45487,659.2936,697.8947,524.9848,336.4224,-4.44,0.012949,-46.18,0.0037566,-20.64,-12.924,21.6312,2.9567,22.9548,-8.315,7.3549,29.6013,-24.697
LKC34,33.3739,0.028511,-22.0742,34.1073,1029.6726,1.3077,2264.943,997.0014,659.9363,1010.4014,-7,0.015078,-37.44,0.0089317,-14.36,-16.2475,21.093,18.2772,20.7808,-12.5624,9.7266,25.3598,-33.7825
LSJ1,11.633,0.024961,-14.404,15.8763,-101.0137,-0.41432,1935.3085,648.6718,542.5918,-241.1047,-10.64,0.011358,-47.24,0.011003,-16.16,-17.4668,18.3286,12.4565,18.2282,-3.8593,2.4809,16.8335,-22.7108
MY1,54.5987,0.063772,-27.2173,63.1088,752.8604,0.8454,1612.9336,444.2067,463.5193,588.7114,-17.92,0.020533,-31.9,0.0061469,-14.56,-36.5147,27.3934,16.8379,45.2663,-17.3338,7.8305,39.6342,-25.4
MY10,28.078,0.038785,-20.9347,29.5748,1083.3713,1.32,1907.2476,816.691,88.5867,1059.7286,-5.32,0.0079201,-65.28,0.0014345,-9.42,-0.69139,20.9537,13.6921,33.6716,-9.1793,3.6102,22.3353,-19.076
MY16,33.4923,0.033918,-21.8775,28.6942,659.4962,0.56007,1584.6943,931.0474,571.1011,534.1555,-10.56,0.020855,-35.88,0.010615,-9.12,-7.6786,19.4275,6.6849,8.6412,-4.2232,5.5869,17.7842,-17.9216
MY18,13.3655,0.002173,8.6797,17.2773,-13.0432,-0.34573,-225.7838,-97.1943,-80.8619,200.1741,-12.24,0.013473,-26.44,0.00057482,-9.8,3.2097,0.10359,11.7377,-0.94431,5.1137,-2.7728,-8.5025,-2.3527
MY2212,58.822,0.068284,-32.3826,60.0452,851.5347,1.044,2356.6157,1039.2239,418.7361,918.9224,-3.74,0.0082354,-38.82,0.0096936,-9.2,-17.0995,38.1831,38.1165,50.7378,-9.2755,7.281,31.7437,-60.1351
MY23,31.4896,0.035343,-64.0066,32.5016,252.9958,0.34051,1764.6864,831.2508,322.6464,223.3635,-13.6,0.023707,-30.92,0.019521,-7.76,-10.1742,17.7702,29.3268,11.8172,-5.1922,3.517,14.7986,-23.2045
MY2453,35.0675,0.043862,-28.7765,28.2348,1078.9041,1.0904,2371.8284,1411.5171,628.7332,838.9084,-4.92,0.014629,-44.24,0.010466,-21.18,-17.5508,20.6254,7.1242,23.1324,-4.5574,-0.31361,12.5733,-52.8407
MY2530,7.0531,0.016124,-10.7598,7.9775,690.7832,0.80761,1285.4451,750.6212,421.7884,648.1904,-9.88,0.0092887,-38.8,0.004946,-10.24,-6.5337,22.3457,0.19566,32.2182,-5.6658,5.5798,18.3884,25.9974
MY2535,38.9355,0.050881,-22.5431,38.3769,1026.6273,1.284,2440.1824,833.2072,506.1243,1011.8807,-5.52,0.017473,-48.56,0.0094025,-9.7,-21.0427,20.2214,5.962,15.752,-11.3968,5.332,17.2618,-54.571
MY2573,41.8533,0.051031,-43.4902,37.6303,1112.8723,1.3135,1914.8964,1269.6882,494.5249,809.421,-6.86,0.0086112,-40.64,0.004266,-15.74,-18.2006,16.2273,9.941,34.4824,-3.4355,1.7446,16.4819,-31.8914
MY2693,10.6227,0.011223,-13.7128,13.5752,804.7349,0.97192,1518.0673,427.172,376.0029,831.354,-5,0.012175,-34.28,0.0061689,-12.44,-1.9935,19.1005,6.6927,15.18,-7.4775,2.7903,10.3804,-70.3425
MY2741,38.8093,0.049816,-47.4771,33.7443,756.8987,0.81517,2297.777,1253.3279,570.4353,560.1892,-4.9,0.0084377,-27.08,0.0083253,-7.32,-8.0306,23.8163,6.5678,14.5994,-4.3192,7.6086,15.6371,-52.4847
MY679,37.2644,0.0286,-23.9886,35.8429,533.1417,0.64702,1136.5597,1189.7035,-167.3742,431.6299,-10.08,0.010521,-46.88,0.0056508,-16.1,-7.7074,32.1233,10.1597,17.0681,-3.7305,4.5865,19.0905,-9.0859
MY920,58.7121,0.060136,-22.5493,51.5646,1466.7533,1.8991,1505.7474,1048.4135,407.8725,1469.5583,-4.72,0.010358,-47.6,0.0057756,-17.04,-23.666,27.6787,2.6451,32.5588,-12.6811,5.2791,19.7183,-36.5929
N2,2.9378,0.0031225,-4.5742,2.3232,828.3448,0.91824,1086.0883,770.8505,613.0677,398.0305,-6.56,0.019404,-63.46,0.01038,-22.96,-12.4722,14.2905,2.2015,11.6693,-3.6366,1.7662,8.7334,-11.9426
NIC1,-1.3399,-0.00067418,-19.7813,6.0296,310.2769,0.35635,1053.1636,1130.5685,267.3558,58.0371,-9.8,0.012731,-25.6,0.0061102,-10.44,-20.7822,17.9107,3.5488,20.8506,-2.5767,3.449,15.1421,-3.9435
NIC1107,1.4069,-0.0062111,5.4494,-1.4168,472.9578,0.26156,754.1541,732.1515,40.9673,347.6902,-3.06,0.0069805,-43.72,0.0029148,-13.56,-18.8819,11.1758,-3.4923,13.8917,-3.2718,1.8913,5.3628,-54.0316
NIC166,43.9616,0.043199,-37.1975,44.3602,358.5535,0.53698,507.3774,846.6893,501.9053,379.5847,-19.3,0.021174,-33.6,0.010812,-11.68,-11.0102,23.7498,15.4981,24.5329,-6.092,9.7788,21.8444,-21.9304
NIC195,2.0787,0.0018158,-30.2125,0.98112,373.2961,0.42713,1118.2324,968.6145,973.4523,360.3398,-8.88,0.029542,-58.62,0.024755,-23.22,-6.9912,9.5186,-8.077,14.1985,-2.3705,-4.0605,-2.8147,-12.5978
NIC199,34.2352,0.053472,-31.7726,39.8824,353.2042,0.63332,322.1013,568.5699,284.4339,367.073,-10.46,0.022785,-36.2,0.01331,-1.28,-9.08,19.8967,2.4442,19.1525,-0.97025,2.711,10.6885,5.5987
NIC2,34.417,0.030257,-20.0218,33.1717,845.7345,0.93929,1339.0874,783.3212,527.4377,844.8505,-11.04,0.025949,-36,0.013972,4.6,-6.2219,19.4019,7.426,23.1366,-2.2278,1.8484,10.891,-51.3456
NIC207,26.3261,0.030268,-31.7759,31.4654,501.5635,0.52542,756.1946,1104.5034,716.0095,531.0122,-8.44,0.016387,-43.24,0.0085445,-29.66,-8.9505,17.9449,8.7099,19.0023,-2.409,1.0346,12.1687,-2.722
NIC231,40.8576,0.043877,-28.7872,37.4953,1055.7076,1.275,605.3623,430.4015,18.326,1028.0441,-10.68,0.012715,-36.22,0.0023776,-11.46,-16.6234,11.6487,-9.6442,25.8844,-4.0698,1.4343,13.5504,-32.2062
NIC236,22.8355,0.022732,-28.6241,25.4268,547.3777,0.72342,1531.6022,1122.0191,619.2042,427.0294,-20,0.025992,-46.32,0.013778,-7.16,-10.0328,19.9643,13.7057,20.7663,-2.4564,2.3763,10.355,-18.1173
NIC242,47.3152,0.052239,-24.1075,45.249,102.6063,0.083296,367.8445,490.9184,411.4962,191.5876,-10.74,0.021266,-37.84,0.010428,-9.46,-10.5846,18.9726,3.0623,19.0964,-7.934,5.7932,21.8359,-30.7489
NIC251,-20.045,-0.019371,6.3847,-11.5184,-15.5658,-0.13317,-232.8523,212.6398,87.7068,-45.1095,-6.34,0.014341,-25.4,0.0013134,0.34,0.47334,0.24911,1.0375,0.0854,-3.2208,1.4535,4.655,-18.6513
NIC252,9.9632,0.010856,-4.705,3.9402,373.6799,0.48576,290.7253,608.9539,300.6078,329.7441,-8.25,0.024017,-26.51,0.012655,-10.36,-2.0076,8.8747,3.7193,6.5558,-2.4149,2.1045,7.9787,-31.184
NIC255,0.44019,-2.1577e-05,-17.7757,14.6913,500.9946,0.3306,982.9164,962.2747,566.3019,553.6783,-11.44,0.0077724,-31.16,0.0044954,-1.28,-16.8794,16.2305,4.6297,17.6247,-6.4324,2.2303,16.9418,-9.2696
NIC256,1.9639,0.0025143,-15.8011,8.0667,465.5788,0.47126,415.4888,1070.122,172.8872,298.8501,-6.88,0.015998,-31.18,0.0091163,-17.75,-8.9881,21.927,13.5807,21.6487,-6.066,5.5556,20.1519,-10.8171
NIC258,-6.4953,-0.0080597,-6.8556,-4.258,518.1355,0.6015,1248.8281,735.5137,216.1697,-219.1167,-24.76,0.010828,-65.42,0.0042051,-1.1,-1.3012,3.7779,13.985,13.5458,-0.83363,4.2854,12.6873,-14.378
NIC259,-5.7481,0.0025867,-26.2915,-1.3121,359.2814,0.28144,897.4817,1008.5252,393.9305,378.4038,-12.72,0.016685,-34.24,0.0067982,-18.34,-3.0739,21.5403,26.8303,15.5452,-2.0302,2.0553,11.1177,9.6225
NIC260,45.8687,0.043556,-38.6799,34.3099,245.0883,-0.22671,-338.3365,381.9601,298.8158,316.0856,-14.48,0.026924,-42.08,0.00898,-12.4,-7.7151,13.1477,13.7909,10.9096,-4.3697,2.4586,9.6558,-23.3226
NIC261,30.2893,0.051009,-38.0565,38.3754,815.1594,1.01,1588.1511,1327.4526,770.6338,761.1343,-3.2,0.012758,-48.12,0.012652,-36.92,-21.3868,26.4356,22.8457,30.7752,-10.1316,9.0313,32.2086,-29.9893
NIC262,0.068542,-0.0088001,1.8963,-1.64,-533.1267,-0.61727,1976.979,-309.927,245.2958,-469.2379,-4.2,0.0031693,-49.56,0.005575,-10.66,-16.8951,7.5786,3.6347,-2.0704,-2.5185,2.4965,0.55919,-43.6641
NIC265,23.7099,0.028969,-28.4121,33.8468,894.27,1.1101,1878.201,1112.5889,712.3614,980.2031,-7.76,0.0105,-40.28,0.0048641,1.92,-24.4373,31.0583,17.7088,54.3151,-10.4008,5.9477,29.7012,-58.3676
NIC266,48.1968,0.061187,-48.3068,31.7028,597.6962,0.63065,1850.3555,726.3818,367.0905,487.7183,-10.8,0.019708,-39.74,0.010318,-15.56,-14.5627,33.0418,23.4965,47.7132,-6.3784,3.9462,25.9816,-38.7904
NIC267,11.798,0.0341,-30.6902,24.4201,1147.6439,1.1902,1215.6326,489.1978,205.6175,644.1391,-8.11,0.022242,-40.84,0.0054914,-11.14,-2.5288,16.1028,14.8672,20.9912,-5.0537,7.7433,19.6879,5.141
NIC268,-10.8346,-0.014191,-15.0467,-4.6527,-38.6893,0.077274,-611.7476,345.5256,-80.4734,14.5056,-7.88,0.0289,-26.88,0.009379,-13.12,-3.0756,6.6671,7.5907,9.2851,-1.7809,0.11274,4.4178,-55.1807
NIC269,-3.2183,-0.021019,13.2486,-6.3254,-68.7748,-0.22548,1268.3394,315.5551,181.0829,-46.3091,-9.88,0.015958,-58.42,0.0097138,-11.08,-0.63058,4.4381,-1.9529,-2.0167,1.7605,-1.1953,0.52671,12.1979
NIC271,37.0195,0.043264,-40.835,37.8409,1385.7112,1.5453,2559.4895,1158.7778,778.4774,1094.2621,-11,0.019934,-48.18,0.012545,-16.86,-24.6466,28.7744,24.7838,39.2558,-7.7587,6.5458,38.6617,-50.0088
NIC272,22.9303,0.031815,-26.3589,31.3595,1104.7917,1.0929,1774.8212,712.0969,273.679,1021.3359,-4.48,0.011082,-39.54,0.0031275,-0.58,-4.258,23.2265,12.4433,20.9779,-7.528,11.3526,24.9805,2.5543
NIC274,57.0392,0.068545,-49.9789,40.543,641.5406,0.73888,-367.1428,138.4878,216.0613,312.6644,-16.66,0.023196,-49.66,0.0092289,-18.6,-14.9811,26.6431,6.3779,17.7697,-6.9985,8.753,16.1245,-22.5697
NIC275,45.5593,0.065203,-35.6863,45.7137,840.9562,0.5725,1268.6314,958.3748,494.5564,744.8989,-8.64,0.011265,-37.82,0.0108,-12.41,-12.953,23.8013,4.5586,24.7751,-8.4548,5.0443,23.2228,-9.8499
NIC276,40.8392,0.045445,-62.7631,30.7167,559.7528,0.74801,1649.2195,811.6532,249.3548,388.2499,-7.08,0.019232,-33.3,0.0071189,-14.48,-11.4489,19.4295,11.7524,21.4956,-6.3674,6.3698,22.6565,-33.5188
NIC277,27.4491,0.034931,-45.6917,12.7672,471.8781,0.56876,1959.6985,1177.2218,368.7451,191.2693,-11.69,0.022794,-28.19,0.015605,0.29,-9.2183,21.0133,25.681,20.3124,-2.0658,7.4074,14.1415,-20.4521
NIC3,1.3954,0.0032584,-2.7527,8.0795,1058.8855,0.98488,1869.9988,1173.1188,270.9579,834.5093,-9,0.02088,-52.3,0.0055284,-10.26,-18.1544,24.3433,-1.5683,19.3366,-4.4477,1.172,11.3333,-43.7909
NIC513,22.0938,0.032582,-20.8946,23.014,348.7322,0.55498,1651.6302,307.7923,236.4821,207.1251,-29.26,0.015233,-37.4,0.004772,-7.2,-20.4606,18.5333,25.4829,17.3481,-6.8928,9.7168,19.0631,-34.436
NIC514,25.375,0.027563,-11.1347,25.1129,211.6042,0.12278,83.6816,240.7437,206.4108,220.4851,-4,0.015895,-37.04,0.0091674,-7.1,-7.5923,19.7541,8.285,15.4001,-3.4755,5.313,13.3681,-21.4704
NIC522,36.381,0.040262,-32.0816,36.6618,1182.9393,1.2903,2259.1786,1498.2191,764.8596,920.817,-10.38,0.018341,-41.5,0.012153,-15.57,-18.9319,29.2102,9.4256,34.4148,-9.852,7.2513,29.624,-35.8183
NIC523,29.9246,0.039384,-8.9205,26.5403,178.3416,0.30112,442.0085,859.8391,612.5479,104.8564,-5.96,0.013785,-29.88,0.015452,-6.8,-18.0981,24.4726,-0.096199,27.2784,-4.2551,0.10309,17.659,-1.7084
PB303,39.4021,0.039238,-44.3461,32.2146,305.483,0.33166,848.3943,-358.5038,343.7154,291.1416,-15.18,0.020118,-33.06,0.0075527,-23.96,-10.1502,11.7753,-1.3087,7.722,-5.4126,1.1882,11.5817,1.9362
PS2025,17.8649,0.021685,-24.238,12.0922,77.9025,0.065826,1658.4105,675.0517,9.5067,-270.7205,-4.48,0.00985,-68.5,0.0028285,-8.42,-15.2116,17.7206,4.0945,33.5415,-11.2101,7.1267,17.3401,-18.8923
PX179,30.7234,0.040814,-8.9917,24.984,858.2375,1.2506,-847.9214,1387.0399,150.7769,608.9229,-6,0.0084234,-52.12,0.0045456,-12.56,-16.6292,25.1474,5.4243,25.3394,-6.5233,4.9631,16.5191,-28.1733
QG2075,18.413,0.032523,-31.4971,21.9499,1240.9224,1.9099,2919.9026,1819.3618,730.2392,950.4965,-10.36,0.0044734,-39.91,0.0078776,-6.9,-16.0457,16.7206,26.8103,18.1585,-9.2107,5.8088,22.6839,-56.0628
QG536,1.4791,-0.004607,-23.5808,1.7328,410.8124,0.40702,1214.1045,1071.0286,460.5531,401.7577,-23.48,0.01807,-43.84,0.0093339,-11.84,-8.8292,15.4659,8.0847,11.9555,-4.8971,5.118,10.1228,-3.1271
QG556,25.8564,0.038648,-2.3028,29.6185,778.6062,1.0848,1083.2747,970.1229,224.937,696.5388,-7.28,0.012805,-45.34,0.0057574,-20.1,-13.1515,28.5089,1.7379,15.8959,-5.4896,0.31891,20.7626,-50.7592
QG557,17.5375,0.019998,-13.6128,20.9066,-77.0909,-0.18949,188.8405,167.8601,-16.1227,-39.9529,-10.48,0.014764,-56.58,0.0093059,-5.7,-6.4181,20.3502,3.1046,9.099,-0.88255,2.5599,4.115,-26.4029
QW947,20.722,0.026067,-11.3945,23.1293,209.5645,0.22215,-215.9409,-15.1163,241.6138,196.2106,-12.28,0.017008,-50.8,0.013342,-12.06,-9.8695,15.2342,9.1977,13.2158,-5.6102,3.2957,15.9145,-7.0672
QX1212,41.2055,0.054643,-28.6729,35.6882,1298.0027,1.5901,2082.789,875.3632,594.0724,1085.0181,-7.48,0.012814,-48.64,0.0056284,-15,-20.5033,16.0559,7.4795,27.6445,-7.1597,2.199,21.1157,-30.7549
QX1233,22.8245,0.036359,-17.5219,17.9706,280.4248,0.4144,1361.4309,678.6854,148.7077,338.2513,-13.96,0.012586,-42.76,0.006278,-17.44,-10.0257,18.4204,4.0146,24.0411,-6.628,3.0783,12.1603,-40.4253
QX1791,35.4836,0.0481,-19.0355,37.1849,790.4786,1.1476,1830.5094,684.225,643.7841,837.5442,-9.86,0.019503,-39.88,0.01183,-4.92,-16.2626,21.0836,24.7394,27.8233,-8.7097,5.2239,20.8064,-38.3324
QX1792,15.607,0.0136,-30.6373,19.2108,396.2184,0.29964,896.9873,563.5658,332.9425,394.8909,-8.54,0.0091098,-39.46,0.001914,-16.28,-3.8839,7.7897,-0.54353,0.14743,-3.5349,4.7284,9.834,-11.3635
QX1793,46.9395,0.062947,-34.1062,48.1896,970.5309,1.0684,1759.3663,608.0445,201.9248,850.5981,-5.58,0.0093793,-26.96,0.0028436,-5.56,-27.0415,27.9099,17.0911,41.1963,-8.2443,7.5612,32.5914,-39.7331
QX1794,33.2961,0.052033,-23.4991,33.1046,546.6862,0.33154,-375.574,-113.1112,774.965,516.5509,-8.2,0.018075,-31.02,0.01458,-7.14,-23.5786,23.5911,9.0161,27.7453,-7.737,5.2803,20.5549,-63.0386
RC301,11.1834,0.011682,-13.4144,13.2858,-299.6617,-0.42415,-326.8069,774.8075,-157.67,-381.3499,-14.26,0.01234,-28.26,0.002687,-10.34,-5.3609,16.6466,3.0255,12.4366,-3.2413,3.0405,9.522,-12.066
WN2001,26.2494,0.027531,-37.9654,21.9895,824.0198,0.83427,1723.0917,1454.3884,507.8436,717.9153,-5.56,0.016619,-37.96,0.0042924,-13.04,-9.2424,20.9238,8.9553,11.5575,-1.7098,0.83481,17.1255,-56.5706
WN2002,34.7163,0.034021,-33.1004,38.032,698.7489,0.86307,1742.1503,826.3972,414.0458,739.099,-13.2,0.015741,-29.52,0.0077663,-12.7,-7.2726,16.6766,11.1831,17.0886,-7.6192,8.1169,20.9714,-10.5014
WN2033,-9.1073,0.0010408,-12.4761,1.3716,403.1473,0.54773,1003.145,509.1525,314.9474,646.6816,-7.44,0.014955,-35.94,0.0044073,-18.24,3.1079,10.1561,6.6422,2.1188,0.1356,4.701,6.9703,-9.9356
XZ1513,55.8522,0.049939,-33.5016,34.2094,868.3699,0.93054,829.5859,630.4193,-203.2453,436.0176,-12.68,0.0049221,-67.34,0.0055055,-11.36,-16.5514,5.9322,1.1885,8.8898,-2.2448,1.5026,-0.58296,-106.6045
XZ1514,11.3168,0.0092063,1.7531,-7.4462,-238.8005,-0.3383,-750.8174,-525.7036,335.567,-394.8037,-4.74,0.008591,-41.8,0.0066803,-4.8,-3.5353,14.8069,2.1272,4.3467,-2.478,-0.21814,2.1469,-2.7036
XZ1516,-9.6553,-0.009234,-6.5784,-6.303,-331.4863,-0.29098,132.1666,348.4544,-52.6362,-202.2882,-7.66,0.013473,-39.48,0.0059402,-21.6,-1.6158,16.8339,8.2009,9.947,-1.2539,-2.051,1.1029,-10.6812
