strain,angular_velocity_head_tip_w_backward_IQR_medianDiff_all,angular_velocity_head_tip_w_backward_abs_10th_medianDiff_all,angular_velocity_head_tip_w_backward_abs_50th_medianDiff_all,d_angular_velocity_head_tip_w_backward_10th_medianDiff_all,d_angular_velocity_head_tip_w_backward_90th_medianDiff_all,d_angular_velocity_head_tip_w_backward_IQR_medianDiff_all,d_angular_velocity_head_tip_w_backward_abs_10th_medianDiff_all,d_angular_velocity_head_tip_w_backward_abs_50th_medianDiff_all,d_relative_to_head_base_angular_velocity_head_tip__medianDiff_all,d_relative_to_head_base_radial_velocity_head_tip_w_medianDiff_all,d_relative_to_neck_radial_velocity_head_tip_w_back_medianDiff_all,relative_to_body_radial_velocity_hips_w_backward_5_medianDiff_all,relative_to_body_radial_velocity_neck_w_forward_50_medianDiff_all,relative_to_head_base_angular_velocity_head_tip_w__medianDiff_all,relative_to_head_base_radial_velocity_head_tip_w_b_medianDiff_all,relative_to_neck_radial_velocity_head_tip_w_backwa_medianDiff_all
AB1,-0.12903,-0.012983,-0.065846,0.1205,-0.37159,-0.56036,-0.049758,-0.28077,-0.23105,-4.3545,2.5579,0.62968,0.36388,-0.0047174,-0.75915,0.92409
BRC20067,-0.21419,-0.028351,-0.10875,0.44993,-0.40817,-1.1191,-0.16011,-0.55618,-0.39144,-2.7583,3.9004,0.17,0.2271,-0.077582,-0.60423,0.70445
CB4852,0.064067,0.0043803,0.033668,0.59061,-0.17164,-1.1112,-0.12808,-0.55641,-0.60088,-4.4874,-0.53119,0.56322,0.56172,0.016177,-0.80781,0.39312
CB4854,-0.37168,-0.036614,-0.18353,0.64733,-0.43659,-1.0695,-0.10124,-0.52819,-0.49589,-5.5624,8.11,0.34372,0.099098,-0.1134,-1.2835,0.79092
CB4856,-0.40434,-0.046886,-0.20128,1.1668,-1.1238,-1.6608,-0.17087,-0.83873,-0.65859,-7.4509,7.3344,0.56459,0.25115,-0.16273,-1.4157,1.3258
CB4932,-0.069372,-0.0033273,-0.034832,0.24903,0.015111,-0.70373,-0.083251,-0.35504,-0.4014,-4.318,1.6106,0.54688,0.33032,-0.04787,-1.0767,0.095835
CX11254,-0.15033,-0.013712,-0.077215,0.98602,-0.83334,-1.1755,-0.15903,-0.59005,-0.56068,-0.47601,0.5512,0.54464,0.41067,-0.049368,0.1425,0.1928
CX11262,-0.77161,-0.061528,-0.36027,1.2073,-1.85,-2.2194,-0.19242,-1.1108,-1.0778,-11.7386,14.5041,-0.26211,0.1039,-0.26556,-1.2389,1.4069
CX11264,-0.16069,-0.022387,-0.085924,0.51635,-0.61311,-1.005,-0.12184,-0.50051,-0.36223,-1.8468,1.9526,0.20064,-0.054892,-0.0085968,-0.32818,1.5158
CX11271,0.025961,0.0030828,0.012011,0.45405,-0.44862,-0.89476,-0.0891,-0.44557,-0.61712,-7.531,2.685,0.62269,0.37089,-0.029821,-1.5409,1.4232
CX11276,-0.41883,-0.04225,-0.2136,0.75961,-1.1984,-1.8611,-0.15894,-0.92436,-0.6116,-4.1908,5.6314,0.30839,-0.048353,-0.13419,-0.54619,0.98161
CX11285,-0.89741,-0.08798,-0.44817,2.6148,-2.344,-2.8578,-0.25511,-1.4272,-1.0623,-10.748,10.9204,-0.28599,-0.0021091,-0.30317,-1.8826,0.32209
CX11292,-0.31176,-0.029625,-0.14894,0.65242,-0.91849,-1.033,-0.092944,-0.51734,-0.45253,-5.2127,6.3876,0.37733,0.44047,-0.11024,-1.0732,0.89108
CX11307,0.063475,0.012095,0.027735,0.24372,-0.50212,-0.75544,-0.095768,-0.37877,-0.23499,-3.9783,-1.6319,0.30021,0.26838,0.045013,-0.53151,0.67424
CX11314,-0.038808,-0.012458,-0.019434,-0.11928,0.11207,-0.52002,-0.084284,-0.26378,-0.11051,-7.9562,2.3652,1.0361,0.43754,-0.007928,-1.7476,0.79701
CX11315,-0.1178,-0.0052237,-0.057655,0.92147,-1.1411,-1.5487,-0.14682,-0.79518,-0.63643,-6.5106,3.1656,0.50195,0.36096,0.014278,-1.1745,0.75495
DL200,-0.14379,-0.0075615,-0.07157,0.39084,-0.63875,-0.659,-0.058558,-0.32695,-0.10744,-5.0632,4.2471,0.19579,0.0089602,-0.047185,-0.83419,0.35299
DL226,-0.39986,-0.024169,-0.20594,0.98138,-1.1085,-1.6513,-0.15505,-0.82814,-0.6118,-7.1863,3.809,0.47788,0.13355,-0.13493,-1.1362,1.0549
DL238,0.26079,0.025493,0.12953,0.16382,0.004992,0.07587,0.0042015,0.036953,-0.071513,-3.8731,-2.085,0.72223,0.37518,0.063746,-0.6801,0.62074
ECA246,0.17807,0.01789,0.08736,0.60616,-0.61008,-0.42672,-0.036433,-0.2139,-0.27327,-2.0406,0.10447,0.62975,0.43963,0.028377,-0.45282,0.23266
ECA248,-0.54705,-0.063139,-0.26311,1.7081,-1.5015,-2.025,-0.27257,-1.0148,-1.033,-8.4564,5.293,0.3112,0.52904,-0.21566,-1.5992,0.91489
ECA250,-0.35963,-0.037083,-0.18212,0.49821,-0.39272,-0.38728,-0.046137,-0.20319,-0.53518,-2.4674,3.1846,-0.21665,0.38001,-0.14486,-0.24878,0.023445
ECA251,-0.16028,-0.01325,-0.077109,0.82246,-0.9866,-1.4349,-0.095817,-0.71653,-0.68202,-9.3648,3.3245,0.4059,0.52171,-0.10906,-1.6511,0.67286
ECA252,-0.015864,-0.0044776,-0.0037148,-0.082101,0.24228,0.14035,-0.0016868,0.067953,-0.10727,0.4544,0.7197,0.14799,0.090213,0.0036407,-0.0025902,0.64606
ECA259,-0.2352,-0.033137,-0.11795,1.3511,-1.3481,-1.674,-0.15534,-0.83219,-0.88613,-8.7243,2.598,0.80383,0.26582,-0.084201,-1.4927,1.2514
ECA348,0.32079,0.025972,0.15936,-0.88984,1.2092,0.6229,0.017784,0.30679,0.17101,3.6104,-7.6744,-0.10443,0.18917,0.14429,0.8096,0.2509
ECA349,-0.24202,-0.029795,-0.12061,0.56201,-0.71666,-1.243,-0.13626,-0.62309,-0.6832,-2.4638,0.066978,0.25129,0.14998,-0.10701,-0.53994,0.84029
ECA36,-0.53153,-0.072442,-0.25594,2.5852,-1.9196,-2.5746,-0.29062,-1.289,-0.76993,-6.5298,16.1703,0.98423,0.30719,-0.25247,-0.97457,0.73346
ECA363,-0.63396,-0.043491,-0.29147,-0.44258,-1.7234,-0.29375,-0.073388,-0.11342,-0.22393,0.84285,13.163,0.54431,-0.25441,-0.15943,-0.35768,1.035
ECA372,-0.16426,-0.028977,-0.080322,0.94129,-1.2437,-1.6385,-0.12856,-0.82611,-0.68387,-5.5464,2.7602,0.55845,0.33869,-0.091355,-1.0057,0.67676
ECA396,-1.2537,-0.12213,-0.6018,3.9476,-3.1761,-4.4536,-0.36463,-2.2196,-1.7184,-15.8442,17.0145,0.35271,-0.080199,-0.43556,-2.6721,1.5325
ED3005,0.11074,0.011053,0.057023,0.022103,-0.16164,-0.73436,-0.068627,-0.3704,-0.43961,-2.3323,-1.6227,0.29088,0.20722,0.0030591,-0.44404,0.55433
ED3011,-0.3165,-0.045233,-0.15828,0.88804,-1.0667,-1.6808,-0.167,-0.8376,-0.81229,-3.5712,6.3143,0.65612,0.37289,-0.11895,-0.73292,1.8627
ED3012,-0.11235,-0.026133,-0.055985,0.39296,-0.54711,-0.74984,-0.090499,-0.37665,-0.39353,-8.4679,3.8235,0.24377,0.27723,-0.069343,-1.4769,0.14316
ED3017,-0.26716,-0.013424,-0.13483,1.3665,-1.698,-1.695,-0.13278,-0.83503,-0.84082,-6.871,6.511,0.88106,0.006242,-0.12376,-1.3494,1.487
ED3040,-0.31133,-0.05303,-0.14912,0.79974,-0.70475,-1.5119,-0.16691,-0.76188,-0.75234,-6.9183,4.8719,0.46267,0.23892,-0.11214,-1.4993,0.97901
ED3046,-0.065644,-0.0099317,-0.030536,0.52229,-0.44289,-0.58799,-0.037894,-0.29431,-0.11043,-3.5627,1.9902,0.084188,0.28146,-0.055463,-0.98718,0.55966
ED3048,-0.1106,-0.0094129,-0.054964,0.88994,-0.88798,-1.1302,-0.11336,-0.57073,-0.48869,-7.4483,2.8993,0.59194,0.062634,-0.029201,-1.4686,1.1433
ED3049,-0.13613,-0.022484,-0.066867,0.87917,-0.7425,-1.0581,-0.12207,-0.52753,-0.29879,-8.1755,3.2143,0.30452,0.16868,-0.064532,-1.5208,0.71773
ED3052,-0.14542,-0.029893,-0.069737,1.0077,-1.134,-1.417,-0.14487,-0.71965,-0.83019,-7.5172,3.9864,0.90746,0.41666,-0.091205,-1.2313,1.2888
ED3073,-0.19551,-0.030848,-0.096527,0.60188,-0.47723,-0.6014,-0.099695,-0.30814,-0.18218,-2.3822,1.671,0.5338,0.24258,-0.010618,-0.40222,0.918
ED3077,-0.3325,-0.03415,-0.1653,1.1415,-0.96487,-1.6947,-0.1472,-0.84753,-0.4811,-5.96,3.8354,0.50123,-0.015737,-0.15918,-1.1309,0.02882
EG4347,-0.35591,-0.034724,-0.17345,0.88152,-0.91804,-1.2709,-0.12362,-0.63915,-0.38773,-6.6765,4.5624,0.42035,0.39891,-0.12234,-1.2072,1.0281
EG4349,-0.013188,-0.0072149,-0.0041364,0.38075,-0.45874,-0.61462,-0.099427,-0.31237,-0.21805,-5.146,-2.7033,0.59921,0.41449,0.028437,-1.2082,0.76619
EG4724,-0.21227,-0.032244,-0.10451,0.13953,-0.048954,-0.42364,-0.081316,-0.21508,0.044459,-3.1333,4.0236,0.18322,0.21336,-0.05733,-0.39646,0.88557
EG4725,-0.19898,-0.016669,-0.10028,0.67845,-0.72367,-1.0118,-0.075655,-0.50528,-0.16103,-6.1471,2.3802,0.63552,0.21589,-0.040646,-1.1729,0.69522
EG4946,-0.12447,-0.0051307,-0.060765,0.47548,-0.45386,-0.70497,-0.051372,-0.35429,-0.4276,-7.2288,1.6321,0.42827,0.3682,-0.051772,-1.9286,1.6346
GXW1,-0.13647,-0.020939,-0.066937,1.4081,-1.2555,-1.4957,-0.15062,-0.74427,-0.5552,-6.8401,-0.091261,0.74754,0.37752,-0.072972,-1.1675,1.1182
JT11398,-0.054696,-0.016785,-0.028583,0.25874,-0.17091,-0.50163,-0.0616,-0.25006,-0.31683,-7.2299,3.3826,0.42566,0.35199,-0.064927,-1.3892,0.83032
JU1088,-0.26197,-0.025919,-0.12668,1.1805,-1.0048,-1.2387,-0.13528,-0.62211,-0.55702,-3.816,4.7432,0.4783,0.19643,-0.098807,-0.58207,1.2897
JU1172,-0.58475,-0.060935,-0.29277,1.7661,-1.7025,-2.297,-0.22561,-1.1541,-0.91541,-11.5088,4.1191,0.77919,0.28113,-0.23154,-2.1343,1.3055
JU1200,-0.063606,-0.011672,-0.032578,0.41315,-0.25749,-0.72254,-0.073535,-0.36717,-0.26696,-1.3565,2.539,0.49485,0.15931,-0.058281,-0.48345,1.0199
JU1212,-0.15851,-0.010426,-0.077228,0.91058,-1.0537,-1.2408,-0.08172,-0.64373,-0.78361,-6.6357,5.156,0.47039,0.45428,-0.13107,-1.1244,0.81244
JU1213,-0.47187,-0.040394,-0.23562,1.7142,-1.5614,-2.391,-0.23006,-1.2009,-0.88529,-8.5713,5.3062,0.68596,0.35878,-0.21483,-1.6489,1.3773
JU1242,-0.029792,-0.0070422,-0.021138,-0.095336,-0.16459,-0.55309,-0.051947,-0.27699,-0.32232,-6.2326,-0.13185,0.7464,0.41927,0.014749,-1.5191,1.0879
JU1246,-0.39761,-0.051377,-0.19091,0.95996,-0.88577,-1.1776,-0.14594,-0.58758,-0.65455,-7.9486,10.2736,-0.093973,0.13857,-0.14235,-1.5167,0.30068
JU1395,-0.078852,-0.010602,-0.042836,0.0065336,-0.2799,-0.27185,-0.050303,-0.14538,0.011092,-0.98845,2.8579,0.26409,0.31159,-0.0059525,-0.37364,0.5405
JU1400,-0.23621,-0.029052,-0.11514,0.61264,-0.61313,-0.646,-0.087874,-0.324,-0.29832,-2.0265,1.239,0.69737,-0.086688,-0.029274,-0.46524,0.73578
JU1409,-0.67804,-0.061364,-0.33736,2.3389,-2.1975,-3.1357,-0.26104,-1.5759,-1.1497,-10.2815,9.7974,0.14266,0.35861,-0.19911,-2.0166,0.84556
JU1440,-0.16725,-0.016987,-0.083949,0.99561,-0.75625,-1.1604,-0.13344,-0.57953,-0.80983,-6.4285,3.6145,0.30408,0.10627,-0.076595,-1.2716,0.64019
JU1491,-0.037766,-0.0068088,-0.019056,0.66731,-0.73127,-0.88565,-0.098913,-0.44071,-0.50499,-6.1663,0.52615,0.64698,0.37865,-0.043105,-1.4775,0.50596
JU1530,-0.028967,-0.00046891,-0.016243,0.48453,-0.58494,-1.1496,-0.10202,-0.57449,-0.78996,-8.7787,1.5833,0.66886,0.48412,-0.12885,-1.6459,0.38542
JU1543,-0.22553,-0.01327,-0.11559,-0.18612,0.11721,-0.26029,-0.047511,-0.13028,-0.092257,0.3054,5.4227,0.46894,0.099247,-0.010964,0.10321,0.69921
JU1568,0.10087,-0.00094116,0.051084,-0.48267,0.47635,0.30922,0.029882,0.15667,-0.054184,-0.3627,-1.8112,0.52809,0.15362,0.022024,-0.095234,0.12028
JU1580,-0.3464,-0.036135,-0.16738,0.71373,-0.58534,-1.1316,-0.12524,-0.61044,-0.37913,-5.0083,7.1556,0.1585,0.16507,-0.096854,-0.75669,0.41853
JU1581,-0.58834,-0.065398,-0.29644,1.7157,-1.8223,-2.6207,-0.26891,-1.3096,-0.89577,-8.0956,9.5514,0.43674,0.38261,-0.2497,-1.384,1.2858
JU1586,-0.26929,-0.026062,-0.13638,0.78252,-1.0802,-1.2433,-0.11161,-0.61663,-0.79661,-4.3026,6.9655,0.77237,0.16336,-0.088033,-1.0767,0.69522
JU1652,-0.40524,-0.027925,-0.2031,0.64964,-0.85858,-1.4173,-0.14164,-0.71841,-0.51171,-6.8167,6.8209,0.12657,0.4456,-0.1395,-1.5823,1.1902
JU1793,-0.1608,-0.002816,-0.07863,1.3246,-1.2512,-1.6353,-0.13053,-0.81834,-0.40006,-9.3781,2.1965,0.53191,-0.10932,-0.042486,-1.8247,1.019
JU1808,-0.29829,-0.034598,-0.15367,1.0287,-0.56016,-1.3521,-0.13009,-0.67341,-0.27501,-2.5196,5.5473,0.21383,-0.040736,-0.048232,-0.66941,0.81631
JU1896,-0.32944,-0.034774,-0.16775,0.64205,-0.60993,-1.1571,-0.09906,-0.57685,-0.47925,-8.4394,6.398,0.5489,0.46745,-0.12497,-1.5982,0.664
JU2001,-0.34004,-0.022796,-0.17283,0.60463,-0.67673,-0.9788,-0.079715,-0.48769,-0.42807,-5.703,6.5042,0.23517,-0.0016683,-0.086076,-0.96631,0.82293
JU2007,-0.13053,-0.011323,-0.066081,0.64812,-0.69881,-0.86783,-0.075838,-0.44127,-0.40782,-11.8266,0.44673,0.34135,0.45626,-0.071887,-2.2669,1.2011
JU2131,-0.12325,-0.0072184,-0.06165,0.18948,0.32825,-0.60262,-0.096768,-0.31316,-0.023321,-6.5216,0.19041,0.66839,0.53393,-0.043439,-1.4336,0.080471
JU2141,-0.2016,-0.019241,-0.10021,1.4115,-1.3652,-1.7915,-0.12739,-0.89307,-0.84194,-6.1525,0.83318,0.80631,0.27368,-0.063845,-1.1381,0.75783
JU2234,-0.46524,-0.035718,-0.23365,1.5711,-0.67204,-1.2159,-0.11494,-0.60554,-0.51241,-3.2426,1.5971,0.66414,0.32839,-0.12936,-1.1139,0.5034
JU2464,-0.0024204,-0.0054221,-0.0017362,0.52511,-0.57098,-0.63234,-0.051704,-0.32753,-0.21205,-1.5875,1.5811,0.45504,0.16891,-0.0087388,-0.23314,-0.11257
JU2466,-0.012951,-0.008689,-0.0050375,0.54868,-0.75259,-0.74312,-0.074734,-0.38286,-0.26003,-3.8293,-0.204,0.49341,0.27649,-0.0059088,-0.8672,0.57129
JU2513,-0.32925,-0.05444,-0.1595,1.2645,-0.99619,-1.9603,-0.19998,-0.98167,-0.79388,-11.3039,6.3211,0.82612,0.39717,-0.1292,-2.1028,0.67401
JU2519,-0.2307,-0.028551,-0.11907,0.50978,-0.36617,-0.65523,-0.09011,-0.33182,-0.21083,-3.4794,2.2008,0.16085,0.14799,-0.068455,-0.44305,0.44191
JU2522,-0.34254,-0.03954,-0.16729,0.71888,-0.74554,-1.1478,-0.12174,-0.57841,-0.52695,-2.8727,5.1271,0.40116,0.11108,-0.13691,-0.40273,1.2221
JU2526,-0.69124,-0.04436,-0.3148,1.0363,-1.7322,-2.2848,-0.18238,-1.1497,-0.85669,-9.5592,7.8988,0.98331,0.49221,-0.23514,-1.9925,0.61855
JU2534,-0.1634,-0.021035,-0.085622,0.92915,-0.59161,-0.88602,-0.14366,-0.4481,-0.52193,-8.0472,3.0636,0.32089,0.15302,-0.095191,-1.4929,0.7947
JU2565,-0.1521,-0.0042582,-0.075184,0.51156,-0.79646,-0.76258,-0.05214,-0.37178,-0.42138,0.090771,4.819,0.20799,0.033676,-0.035905,0.015334,0.43268
JU2566,-0.25497,-0.032696,-0.12487,0.53899,-0.81762,-0.91461,-0.11794,-0.46525,-0.98828,-6.2973,1.6739,0.87725,0.20564,-0.16588,-1.3091,0.63612
JU2578,-0.37356,-0.021515,-0.18755,0.85191,-0.73316,-1.1287,-0.12029,-0.56752,-0.58444,-3.2903,7.829,0.34254,0.21673,-0.084374,-0.47128,1.7147
JU258,-0.25962,-0.032551,-0.12809,0.81971,-0.97854,-1.2638,-0.12726,-0.63025,-0.66944,-4.6871,7.5665,0.51333,0.15659,-0.11111,-0.80958,1.4529
JU2587,-0.099795,-0.026492,-0.051407,0.30184,0.0016098,-0.53017,-0.1116,-0.26855,-0.19743,-3.6302,1.3135,0.52526,0.40041,0.0013585,-0.67539,0.63396
JU2593,-0.11789,-0.0066904,-0.06117,0.10771,-0.069777,-0.43149,-0.09201,-0.222,-0.52511,-7.7071,2.1167,0.76614,0.51596,-0.099417,-1.4386,1.4312
JU2600,-0.3194,-0.033109,-0.1633,0.72976,-0.92468,-1.656,-0.16949,-0.81785,-0.54963,-2.5919,1.8484,1.1293,0.011835,-0.13472,-0.80652,1.3501
JU2800,-0.32883,-0.029417,-0.164,1.2664,-1.2087,-1.539,-0.14046,-0.7645,-0.57095,-11.2306,8.4023,0.30723,0.036297,-0.097127,-2.0096,1.4136
JU2862,-0.58585,-0.072905,-0.29341,1.5963,-1.6466,-2.6844,-0.26088,-1.3394,-0.68068,-6.9622,10.7046,0.22344,0.24502,-0.18868,-1.3966,1.7656
JU2866,-0.2877,-0.023252,-0.14344,1.7887,-2.2144,-2.1108,-0.2102,-1.0521,-0.62835,-5.8764,4.1946,0.93902,0.047872,-0.11301,-1.2725,1.0261
JU2878,-0.44706,-0.046532,-0.21943,0.83281,-0.70789,-1.4802,-0.14341,-0.73811,-0.41223,-3.8613,12.5196,0.35171,0.32775,-0.10322,-1.0079,1.2398
JU2879,-0.40234,-0.045845,-0.18347,1.3437,-1.1924,-1.3638,-0.090087,-0.6939,-0.55097,-7.1237,6.4659,1.2626,0.31607,-0.16778,-1.4663,1.45
JU2906,-0.20413,-0.027344,-0.10317,-0.74,0.83468,0.034479,-0.03458,0.0057969,0.13555,-2.7177,6.683,-0.2097,0.21254,0.023631,-0.82301,1.2514
JU310,-0.058189,-0.0047664,-0.017281,-0.15766,0.076087,-0.17215,-0.029092,-0.0932,-0.13542,-3.0076,0.57143,0.71557,0.30891,0.0098933,-0.14027,-0.11181
JU311,-0.21065,-0.030983,-0.10557,0.63039,-0.73771,-1.2342,-0.13438,-0.61737,-0.52862,-7.4606,2.4465,0.89051,0.28359,-0.1016,-1.6006,0.79468
JU3125,-0.038118,-0.012963,-0.019648,0.011081,-0.36335,-0.63535,-0.066216,-0.31152,-0.18233,-1.217,-1.1003,0.58272,0.28923,-0.0010152,-0.53664,0.16603
JU3127,-0.072884,-0.014721,-0.036176,0.46481,-0.61097,-0.79064,-0.10268,-0.39961,-0.41281,-3.5874,0.81177,0.63111,0.73688,-0.023497,-0.69291,0.14209
JU3134,-0.2551,-0.032921,-0.11923,1.3328,-1.1804,-1.7524,-0.21961,-0.87213,-0.73582,-8.3501,3.8115,0.67971,0.26397,-0.11506,-1.5008,0.72771
JU3135,-0.55417,-0.046422,-0.27579,1.5267,-0.72454,-1.6758,-0.14224,-0.8342,-0.63183,-3.0371,9.688,0.41397,-0.079452,-0.17038,-0.51472,0.68431
JU3137,-0.39228,-0.024629,-0.18982,1.0591,-1.1147,-1.2943,-0.11222,-0.67406,-0.56415,-5.1788,3.4488,-0.011487,0.15084,-0.098074,-0.8181,0.43154
JU3140,-0.33458,-0.032126,-0.16765,1.4983,-1.2482,-1.6601,-0.17832,-0.82142,-0.81823,-1.5538,5.169,0.34217,0.25316,-0.15316,-0.18108,0.57711
JU323,-0.20889,-0.02233,-0.10516,0.40627,-0.56829,-1.1607,-0.10626,-0.57961,-0.51611,-2.8402,3.7318,0.51822,0.33758,-0.053286,-0.61336,0.85896
JU346,0.084034,0.0096083,0.043071,-0.14139,-0.079555,-0.15614,-0.028683,-0.078915,-0.30738,-0.54047,0.46588,0.12458,0.47259,0.010982,-0.37388,0.56539
JU360,-0.78178,-0.078354,-0.38621,2.0386,-2.4058,-3.4016,-0.31482,-1.7159,-1.1789,-10.5875,11.9581,2.5237,0.35912,-0.25648,-2.1613,3.2257
JU367,-0.10425,-0.0093703,-0.047627,0.97902,-0.85275,-1.2361,-0.11922,-0.63605,-0.61457,-7.8817,-1.4336,0.41327,0.37416,-0.084462,-1.2516,0.50431
JU393,-0.45062,-0.022248,-0.21939,1.1198,-1.1473,-1.3282,-0.10654,-0.66807,-0.49466,-6.281,6.564,0.48294,0.084912,-0.10101,-1.218,0.88553
JU394,-0.058685,-0.0044422,-0.031852,0.54183,-0.77854,-0.77713,-0.076904,-0.3863,-0.44917,-6.8678,2.8481,0.60463,0.24039,0.0048828,-1.4527,0.25836
JU397,-0.53008,-0.046768,-0.26498,1.5285,-0.7914,-1.517,-0.10115,-0.76124,-0.39205,-3.5254,7.192,1.1094,0.08681,-0.073202,-0.82753,1.9001
JU406,0.016933,-0.016419,0.0092255,0.56008,-0.41259,-0.75099,-0.10684,-0.37778,-0.36127,-4.4947,0.50257,0.74963,0.18022,-0.0073929,-0.74582,0.64202
JU440,-0.34947,-0.034318,-0.17461,0.57557,-0.70391,-1.3153,-0.16139,-0.65967,-0.71039,-6.4304,4.0118,0.7535,0.28065,-0.15891,-1.3404,1.4157
JU561,-0.1655,-0.022782,-0.083648,0.4644,-0.14717,-0.73265,-0.083548,-0.382,-0.46163,-4.1282,5.1083,0.69025,0.14172,-0.12623,-0.64143,1.537
JU642,-0.47491,-0.05487,-0.23546,1.0584,-0.91921,-1.6573,-0.19746,-0.82743,-0.78798,-7.004,7.4287,0.63652,0.011601,-0.12814,-1.1193,0.70979
JU751,-0.67129,-0.044992,-0.3319,1.0497,-2.0123,-2.4421,-0.33337,-1.2238,-1.0005,3.0123,5.5048,0.70041,-0.0026529,-0.087727,0.17554,-0.092871
JU774,-0.40076,-0.054964,-0.19824,1.0231,-0.92168,-1.3806,-0.14845,-0.6986,-0.61836,-7.292,8.1594,0.57431,0.011865,-0.13618,-1.0943,1.3556
JU775,-0.022035,-0.0056074,-0.0092815,0.44743,-0.58127,-0.9926,-0.11269,-0.49876,-0.64041,-9.7773,-1.0985,0.55107,0.50181,-0.050094,-2.0188,0.16025
JU778,-0.19848,-0.03071,-0.090842,0.89727,-0.68933,-1.0136,-0.083148,-0.50665,-0.50254,-4.4771,4.5971,0.44983,0.12098,-0.11299,-0.50377,-0.010063
JU782,-0.11838,-0.012107,-0.057047,0.24075,0.013005,-0.6826,-0.080751,-0.34037,-0.24531,-6.6514,-0.21588,0.54863,0.36713,-0.037547,-1.2665,0.65066
JU792,-0.33939,-0.044925,-0.16953,1.2184,-0.94579,-1.5512,-0.1673,-0.78864,-0.7642,-3.0141,0.78327,0.52841,0.52601,-0.10059,-0.59708,0.80277
JU830,-0.076994,-0.0053928,-0.036742,-0.17908,0.10287,-0.75234,-0.14834,-0.37441,-0.32511,-1.9835,4.2846,0.46136,0.33589,-0.083918,-0.20628,1.1602
JU847,-0.28019,-0.034311,-0.13827,1.0451,-0.99315,-1.8412,-0.19439,-0.9157,-0.52024,-6.0434,6.5596,0.607,0.093942,-0.10818,-1.1116,0.12363
KR314,-0.052434,-0.015654,-0.02637,-0.35277,0.49482,-0.033987,-0.051003,-0.0043516,-0.09395,-4.2813,-0.19775,0.34326,0.40183,-0.0025115,-0.8946,-0.31643
LKC34,-0.2859,-0.032311,-0.14419,0.67948,-0.65153,-1.0949,-0.12406,-0.54012,-0.4601,-7.656,4.1504,0.47945,0.31564,-0.099551,-1.4838,0.48056
LSJ1,-0.17193,-0.020055,-0.08609,0.55512,-0.16565,-0.74496,-0.13672,-0.3774,-0.12593,-2.6268,2.756,-0.086776,0.22499,-0.058723,-0.67979,0.47494
MY1,0.07034,0.0096074,0.036975,0.13712,0.070431,-0.32953,-0.063736,-0.1627,-0.36215,-2.1773,-2.3228,0.65539,0.40655,-0.0071476,-0.49599,0.65345
MY10,-0.10334,-0.030225,-0.054187,0.20006,-0.12097,-0.8061,-0.11139,-0.402,-0.16589,-8.099,3.3676,0.7047,0.12484,-0.068251,-2.2527,0.9667
MY16,-0.33881,-0.033595,-0.1627,0.54128,-0.6621,-0.71705,-0.12157,-0.35929,-0.47688,-2.7509,4.9417,0.70977,0.16509,-0.1247,-0.51682,0.55701
MY18,-0.69361,-0.08505,-0.33319,1.5603,-1.314,-2.2752,-0.18637,-1.1228,-0.63473,-12.104,19.8502,0.36108,0.049122,-0.26397,-2.0473,1.8148
MY2212,-0.16496,-0.010628,-0.079236,0.64478,-1.282,-1.3615,-0.14352,-0.65875,-0.63531,-11.7093,1.8409,0.59204,0.57457,-0.073095,-2.1216,0.79165
MY23,-0.44406,-0.04941,-0.21084,1.1141,-1.165,-2.0262,-0.24836,-1.0196,-0.93217,-9.0089,5.6974,0.84415,0.41584,-0.13367,-1.6959,1.71
MY2453,0.0025165,-0.0059785,-0.0023147,0.79301,-0.71212,-0.7871,-0.083717,-0.38671,-0.56352,-4.7405,-1.4933,0.65376,-0.022441,-0.071596,-0.82976,0.31079
MY2530,-0.19241,-0.017784,-0.092752,0.55095,-0.29216,-0.87493,-0.11254,-0.45057,-0.29546,-4.519,2.4959,0.13504,0.37959,-0.053842,-0.90736,0.47386
MY2535,-0.22661,-0.0077756,-0.11437,0.68549,-0.72785,-0.84924,-0.093574,-0.41984,-0.62957,-7.0076,5.2527,0.68037,0.27875,-0.095269,-1.3405,0.82373
MY2573,-0.25075,-0.036995,-0.12295,0.78192,-1.0203,-1.2777,-0.13634,-0.63995,-0.55091,-6.4385,0.044464,0.27633,0.49352,-0.07669,-1.4353,0.81496
MY2693,-0.205,-0.02771,-0.096977,0.55737,-0.31709,-0.43439,-0.10339,-0.21868,-0.056984,-4.2,3.7184,0.28866,0.10072,0.021805,-0.52466,0.13213
MY2741,-0.23369,-0.02581,-0.11062,0.41367,-0.75258,-1.1416,-0.12603,-0.56885,-0.63185,-8.3283,7.6768,0.62279,0.20212,-0.1278,-1.6129,1.2049
MY679,0.05394,0.006921,0.034592,0.3449,-0.13372,-0.39748,-0.057899,-0.19987,0.16808,-3.5921,-2.3096,0.20223,0.12878,0.053072,-0.80496,1.2122
MY920,-0.30202,-0.033389,-0.15129,1.2117,-1.2571,-1.9819,-0.18599,-0.99004,-0.58214,-4.6443,2.1769,0.36587,0.1463,-0.075666,-0.79977,0.7837
N2,0.071076,0.0049655,0.035699,-0.31631,0.30996,0.3176,0.026142,0.15944,0.22493,-0.37232,-1.0585,0.12855,0.075524,0.03765,-0.13709,0.049119
NIC1,-0.32736,-0.037578,-0.16332,0.91988,-0.94447,-1.225,-0.13935,-0.60796,-0.61338,-5.3897,3.6084,0.41984,0.070699,-0.14245,-0.99978,1.2644
NIC1107,-0.32413,-0.0285,-0.15919,0.6906,-0.72051,-1.2702,-0.12687,-0.63976,-0.77271,-3.0077,0.11588,-0.036762,0.092194,-0.13333,-0.54363,0.79937
NIC166,-0.27249,-0.023347,-0.13506,0.86166,-0.94678,-1.4119,-0.12682,-0.7064,-0.58553,-5.4501,3.7137,0.23491,0.28392,-0.12985,-1.0838,0.69546
NIC195,-0.53529,-0.059019,-0.26858,0.74037,-1.3392,-2.0797,-0.24099,-1.0358,-0.74723,-5.1554,9.3702,0.57557,0.23681,-0.20269,-0.96032,2.2484
NIC199,-0.26202,-0.034146,-0.13209,0.63872,-0.97225,-1.4306,-0.16925,-0.71676,-0.61456,-8.7214,4.8575,0.68334,0.28682,-0.09608,-1.5848,1.5776
NIC2,-0.40156,-0.053721,-0.19905,0.83606,-0.87953,-1.7424,-0.18155,-0.8708,-0.65505,-3.1015,6.891,0.75688,0.053062,-0.11302,-0.53822,1.8003
NIC207,-0.40181,-0.053687,-0.20214,0.92722,-0.47079,-1.6105,-0.17166,-0.80247,-0.76236,-4.4412,7.1016,0.51019,0.25719,-0.16316,-0.82984,0.67755
NIC231,-0.43877,-0.034857,-0.21657,0.82075,-0.99393,-1.4849,-0.12911,-0.75632,-0.55434,-0.51645,11.386,-0.059868,0.12671,-0.13833,-0.0090685,0.33241
NIC236,-0.18075,-0.033924,-0.087122,1.0896,-1.0958,-1.6077,-0.16556,-0.7998,-0.60042,-7.3862,1.3905,0.6238,0.2812,-0.048158,-1.412,0.52188
NIC242,-0.30309,-0.042382,-0.14753,1.0587,-0.56397,-1.2912,-0.14582,-0.63478,-0.56603,-6.1323,4.3074,0.65866,0.47273,-0.1058,-1.3488,0.88184
NIC251,-0.33663,-0.026188,-0.16692,0.47935,-0.53209,-1.2827,-0.15702,-0.63276,-0.41489,-0.67308,7.1352,0.9595,-0.12494,-0.1,0.13127,2.0943
NIC252,-0.76118,-0.06431,-0.37986,2.6672,-2.6241,-2.815,-0.24628,-1.4092,-1.2139,-6.3817,9.7308,0.26808,0.33845,-0.26157,-1.0356,0.69486
NIC255,-0.40454,-0.044036,-0.20349,0.78506,-0.9667,-1.6163,-0.13831,-0.81964,-0.72855,-2.2942,6.782,0.23204,0.14831,-0.15776,-0.35569,1.5901
NIC256,-0.37692,-0.042729,-0.18875,1.1067,-1.2432,-1.6107,-0.17529,-0.80075,-0.75188,-4.7386,4.6012,0.23072,0.14335,-0.16022,-0.73556,1.0484
NIC258,-0.029728,-0.0070185,-0.012569,-0.11223,-0.063391,-0.066841,-0.0288,-0.029502,-0.012292,0.31612,2.541,0.12462,-0.0016895,-0.025936,-0.07937,0.54073
NIC259,-0.66044,-0.056845,-0.32854,1.3712,-1.3913,-1.9291,-0.17778,-0.97463,-0.86672,-8.9003,6.7702,-0.078491,0.10333,-0.25699,-1.6935,0.90481
NIC260,0.065937,-0.013001,0.03745,-0.13129,-0.02596,-0.44287,-0.088752,-0.22035,-0.046699,-1.1107,-4.4152,0.54709,0.29563,0.060745,-0.070748,0.45507
NIC261,-0.3632,-0.043928,-0.1818,0.92875,-0.6007,-1.2657,-0.1527,-0.64452,-0.5154,-10.7783,6.3954,0.70469,0.72559,-0.13434,-1.8521,1.5855
NIC262,-0.31103,-0.033213,-0.15686,1.2121,-1.3724,-1.8908,-0.17897,-0.95209,-0.9318,-7.3914,2.6336,0.32397,0.00045967,-0.12608,-1.3888,-0.27295
NIC265,-0.044311,-0.01159,-0.019608,0.42787,-0.66892,-0.49087,-0.059508,-0.23743,-0.38996,-6.8122,0.64284,0.73179,0.40502,-0.07534,-1.3458,0.39307
NIC266,-0.054116,-0.0077107,-0.024633,0.41018,-0.49955,-0.8604,-0.10984,-0.42865,-0.34519,-7.7716,0.26244,0.41274,0.3916,-0.0032244,-1.3941,0.55836
NIC267,-0.22218,-0.045364,-0.11433,-0.016652,-0.38356,-0.66946,-0.096099,-0.33479,-0.25549,-10.5786,11.3776,0.36984,0.19766,-0.11058,-2.1111,1.9287
NIC268,-0.61238,-0.043202,-0.30838,1.8462,-1.2441,-2.5141,-0.2329,-1.2533,-0.80898,-6.259,12.0529,0.80964,0.2126,-0.24217,-1.0909,1.1129
NIC269,-0.31786,-0.05191,-0.1576,1.3502,-1.1979,-1.3418,-0.14385,-0.67232,-0.41473,-5.3134,6.229,0.80863,0.084018,-0.14094,-0.99633,0.24122
NIC271,-0.063458,-0.018336,-0.031603,0.49758,-0.56777,-1.2565,-0.1319,-0.62308,-0.60682,-11.0824,0.70201,1.1904,0.60153,-0.053365,-2.1361,1.3064
NIC272,0.14732,0.0058296,0.069516,-0.136,-0.043211,-0.56995,-0.069617,-0.28748,-0.41798,-3.8826,0.83784,0.43205,0.38018,0.039022,-0.60262,0.29507
NIC274,-0.4687,-0.03351,-0.24141,0.71492,-0.58527,-1.0564,-0.12107,-0.5275,-0.49366,-3.2494,4.907,0.41688,0.22102,-0.14233,-0.56423,0.81653
NIC275,-0.092715,-0.012376,-0.045348,0.61891,-0.3363,-0.75257,-0.05519,-0.37633,-0.39926,-3.1638,0.076019,0.38543,0.35841,-0.038202,-0.61918,0.71653
NIC276,0.0076768,-0.0072444,0.0046648,0.37217,-0.32303,-1.3287,-0.12467,-0.67198,-0.50172,-8.4041,-0.25838,0.66948,0.17196,0.010638,-1.9908,0.99613
NIC277,-0.47422,-0.042696,-0.23858,1.1463,-1.1053,-1.9758,-0.20393,-0.99376,-0.79928,-10.3802,9.6881,0.65583,0.28597,-0.19648,-1.9018,1.35
NIC3,-0.27308,-0.017731,-0.11761,0.64993,-0.60519,-1.0099,-0.080465,-0.50686,-0.48012,-3.5357,2.7611,0.4677,0.25962,-0.1045,-0.65927,0.6119
NIC513,-0.31847,-0.042414,-0.16128,0.90973,-0.53521,-1.3028,-0.12952,-0.66956,-0.50038,-7.2573,6.9517,0.34521,0.29742,-0.15909,-0.85119,0.096863
NIC514,-0.19417,-0.038699,-0.096988,0.21482,-0.23724,-0.97047,-0.11891,-0.48536,-0.44421,-4.0577,3.9831,0.30992,0.32979,-0.085956,-0.94771,1.1185
NIC522,-0.066869,-0.021398,-0.033598,0.80673,-0.66001,-0.83245,-0.11495,-0.42892,-0.60995,-10.1774,0.78307,0.33267,0.14196,-0.082973,-1.9852,0.31173
NIC523,-0.076283,-0.0070184,-0.038797,-0.013098,0.0013399,-0.10827,-0.044942,-0.061433,-0.1132,-4.8213,2.3334,0.16573,0.264,-0.039556,-0.95061,0.97747
PB303,-0.10194,0.0025512,-0.049664,0.081368,-0.3468,-0.79746,-0.069597,-0.40046,-0.4315,-1.2843,-1.5073,0.66423,0.34141,-0.0084822,-0.17463,0.35954
PS2025,-0.22306,-0.02167,-0.11069,0.90961,-0.98844,-1.486,-0.12345,-0.80802,-0.2241,-6.6282,2.0268,0.30168,0.33963,-0.075282,-1.1741,0.52862
PX179,-0.19811,-0.026141,-0.0928,0.6232,-0.81143,-1.2024,-0.16193,-0.59886,-0.70176,-6.643,5.5093,0.69581,0.38356,-0.088323,-1.542,1.3666
QG2075,-0.11668,-0.018322,-0.056629,0.85866,-0.88958,-1.2519,-0.12455,-0.62719,-0.48905,-8.2537,5.186,0.47766,0.26186,-0.067421,-1.3383,1.3471
QG536,-0.53856,-0.053887,-0.23482,1.345,-1.1611,-1.9868,-0.24432,-0.99359,-0.91134,-9.5578,13.0333,0.77217,0.18976,-0.21985,-1.7431,1.0144
QG556,-0.25677,-0.039135,-0.13095,0.60009,-0.43187,-0.86582,-0.10842,-0.42983,-0.1611,-6.1401,4.2193,0.30798,0.36095,-0.043965,-1.3141,0.83061
QG557,-0.42251,-0.044875,-0.21071,1.2186,-1.0861,-1.8507,-0.24647,-0.927,-0.66702,-6.1973,9.3026,0.21251,0.43188,-0.20836,-1.2034,1.0219
QW947,-0.36203,-0.049359,-0.18084,0.81536,-0.8914,-1.573,-0.21384,-0.78112,-0.75382,-4.9459,7.0543,0.49917,0.20276,-0.13484,-0.77411,1.3671
QX1212,0.036744,0.0085223,0.016716,-0.038527,-0.14688,-0.39706,-0.052148,-0.19311,-0.23904,-2.4704,-1.8052,0.43747,0.39142,0.024094,-0.33898,0.22164
QX1233,-0.13671,0.0013583,-0.06203,-0.33452,0.050652,-0.33159,-0.035273,-0.16302,-0.18665,0.75286,4.9555,0.43877,0.23342,-0.05499,0.080741,0.87127
QX1791,-0.16586,-0.030594,-0.085139,0.81539,-0.93326,-0.97738,-0.14534,-0.49509,-0.56571,-4.9047,1.2187,0.27903,0.21295,-0.087417,-1.0481,0.7241
QX1792,-0.34557,-0.043316,-0.17025,1.0504,-1.5471,-1.6015,-0.1841,-0.80101,-0.65224,-2.2875,5.5247,0.43056,0.0622,-0.12216,-0.6915,0.8369
QX1793,0.034834,-0.0009703,0.016622,0.5478,-0.7738,-0.94817,-0.077993,-0.47519,-0.73733,-9.5459,0.81725,0.80774,0.35655,-0.12295,-2.109,0.34857
QX1794,0.002852,0.0078086,0.0034528,0.091984,0.031208,-0.57495,-0.035148,-0.2837,-0.39557,-3.3248,0.91793,0.18404,0.44888,0.0032231,-0.71283,0.46111
RC301,-0.26519,-0.019657,-0.13742,0.53545,-0.60134,-1.0807,-0.11012,-0.54202,-0.50408,-3.6267,3.0924,0.7312,0.037751,-0.066762,-0.65219,0.67979
WN2001,-0.36271,-0.072815,-0.17982,1.683,-1.4135,-1.6427,-0.15355,-0.81647,-0.84533,-9.6196,6.7655,0.88339,0.49469,-0.16238,-1.9433,2.0499
WN2002,-0.43349,-0.036648,-0.21973,1.4147,-1.1211,-1.6631,-0.15434,-0.83653,-0.84835,-6.3635,3.9099,0.5693,0.46528,-0.16211,-1.1137,1.0861
WN2033,-0.24558,-0.018191,-0.12311,0.87955,-0.98481,-1.3955,-0.13,-0.69772,-0.56794,-2.6359,3.3183,0.30396,0.10896,-0.060163,-0.45979,0.9471
XZ1513,0.1323,0.0078168,0.074409,0.30505,-0.22248,-0.56463,-0.085777,-0.28712,-0.117,-3.526,-3.7106,0.13272,0.64537,0.058894,-0.38391,-0.37912
XZ1514,0.12309,0.028482,0.060666,-0.50029,0.73749,0.13222,0.018683,0.069636,0.34892,2.6934,-0.37312,0.1975,0.17288,0.071666,0.45278,-0.14854
XZ1516,-0.13351,-0.011392,-0.067272,0.51375,-0.32844,-0.22337,-0.071772,-0.11305,-0.23902,-5.3359,4.5219,0.52099,0.29316,-0.027627,-1.6601,0.71832
