strain,d_speed_head_base_w_backward_10th_medianDiff_all,d_speed_head_base_w_backward_50th_medianDiff_all,d_speed_head_base_w_backward_90th_medianDiff_all,d_speed_head_base_w_backward_IQR_medianDiff_all,d_speed_head_tip_w_backward_10th_medianDiff_all,d_speed_head_tip_w_backward_90th_medianDiff_all,d_speed_head_tip_w_backward_IQR_medianDiff_all,d_speed_hips_w_backward_50th_medianDiff_all,d_speed_hips_w_backward_IQR_medianDiff_all,d_speed_midbody_w_backward_10th_medianDiff_all,d_speed_midbody_w_backward_50th_medianDiff_all,d_speed_midbody_w_backward_IQR_medianDiff_all,d_speed_neck_w_backward_10th_medianDiff_all,d_speed_neck_w_backward_50th_medianDiff_all,d_speed_neck_w_backward_90th_medianDiff_all,d_speed_neck_w_backward_IQR_medianDiff_all,d_speed_tail_base_w_backward_50th_medianDiff_all,d_speed_tail_tip_w_backward_50th_medianDiff_all,d_speed_w_backward_50th_medianDiff_all,d_speed_w_backward_IQR_medianDiff_all,speed_head_base_norm_10th_medianDiff_all,speed_head_tip_10th_medianDiff_all,speed_head_tip_norm_10th_medianDiff_all,speed_hips_norm_10th_medianDiff_all,speed_midbody_norm_10th_medianDiff_all,speed_neck_norm_10th_medianDiff_all,speed_norm_10th_medianDiff_all,speed_tail_base_10th_medianDiff_all,speed_tail_base_norm_10th_medianDiff_all,speed_tail_tip_10th_medianDiff_all,speed_tail_tip_norm_10th_medianDiff_all
AB1,30.3735,-6.5364,-62.0396,-46.2877,56.4369,-208.8032,-71.3342,-7.69,-31.4336,22.9696,-6.8473,-30.0096,28.7302,-5.8849,-49.885,-39.0257,-7.4753,-6.0493,-5.3993,-26.7822,-0.011199,-12.3355,-0.013366,-0.012515,-0.010664,-0.0099137,-0.0090673,-12.0795,-0.013644,-13.911,-0.015539
BRC20067,11.9353,-8.5994,-3.8771,-7.3528,25.7834,-71.1676,-53.8222,-7.669,6.9442,-1.5949,-8.143,3.9015,4.9487,-8.1446,-1.7694,-1.4097,-7.4203,-6.497,-8.4383,5.6447,-0.045084,-41.0615,-0.051843,-0.046588,-0.044136,-0.046178,-0.039987,-41.5166,-0.049727,-47.7702,-0.05669
CB4852,29.9532,-10.2083,-45.3881,-40.8324,36.9217,-133.1551,-88.4681,-10.9915,5.1198,1.0916,-9.7337,-7.2926,17.7307,-10.1415,-39.4349,-25.828,-10.6555,-8.1482,-9.1417,-10.6595,-0.020191,-19.4319,-0.021968,-0.025612,-0.021717,-0.022173,-0.019551,-22.7567,-0.027746,-26.3114,-0.031712
CB4854,58.7648,-16.0112,-44.6888,-71.0744,74.2629,-132.6589,-101.5607,-20.9548,-59.271,51.6651,-20.5346,-55.1366,52.6516,-16.6669,-38.3888,-68.8107,-19.8325,-20.4509,-18.7374,-60.5961,-0.034051,-28.3352,-0.033305,-0.035591,-0.034511,-0.036083,-0.03205,-31.6986,-0.036513,-35.4842,-0.040812
CB4856,82.9805,-12.5846,-86.967,-88.6115,87.1696,-266.3272,-100.1601,-14.7858,-64.0992,65.4312,-13.6903,-67.3438,76.4182,-10.9474,-74.5382,-81.0088,-12.9365,-11.7002,-13.2392,-73.7444,-0.058011,-73.0724,-0.091499,-0.044568,-0.04122,-0.048385,-0.037913,-39.0023,-0.047862,-45.6015,-0.05592
CB4932,19.8892,-8.3117,-7.9657,-32.3853,23.9724,-60.4839,-70.3947,-7.1334,-7.7206,11.9482,-8.8511,-19.1956,15.5663,-8.7076,-6.7915,-25.9749,-7.5335,-6.1797,-7.7014,-20.0255,-0.040627,-33.7476,-0.038971,-0.043727,-0.040253,-0.041493,-0.038166,-39.5109,-0.047217,-46.6071,-0.055832
CX11254,35.5987,-7.5778,-1.1998,-26.7698,40.502,-28.1801,-56.9712,-8.9075,-19.2855,20.797,-7.5675,-15.8413,25.6918,-5.9367,-4.8395,-25.5499,-10.1411,-8.6384,-7.7101,-19.1664,-0.0034615,-8.2889,0.0052056,-0.0032658,-0.0044206,-0.0042497,-0.0035257,-11.5223,-0.0033264,-17.8236,-0.013699
CX11262,77.2304,-15.589,-133.4066,-90.7175,89.6721,-368.9619,-97.7774,-16.6623,-97.3557,75.8496,-16.5932,-68.1671,70.796,-15.5846,-119.1638,-78.4022,-16.5847,-16.4383,-15.604,-69.5203,-0.067244,-92.9995,-0.10906,-0.045152,-0.043969,-0.054482,-0.041138,-39.7118,-0.047751,-44.5043,-0.053713
CX11264,11.2112,0.64022,-17.93,-9.0649,47.6178,-94.2513,-53.938,-0.040359,-4.8148,-3.3061,0.16225,8.8598,0.16138,-1.3329,-15.0309,2.2859,0.89635,2.4754,-0.5835,12.2697,-0.031891,-37.9165,-0.054803,-0.03108,-0.028196,-0.031001,-0.025054,-23.4152,-0.033589,-26.2077,-0.03435
CX11271,144.7248,-18.9091,-152.4991,-151.343,150.0172,-247.4482,-188.9646,-16.5765,-95.388,107.5482,-16.4918,-110.4508,130.4779,-17.9102,-142.443,-139.0856,-17.3658,-15.4917,-16.2145,-112.6752,-0.1071,-79.1922,-0.10741,-0.10643,-0.098801,-0.10745,-0.090967,-83.4384,-0.1115,-86.8689,-0.11572
CX11276,43.9731,-14.0094,-28.2997,-54.2794,76.6572,-207.1705,-119.1587,-15.7186,-50.0815,49.0889,-15.2254,-38.0826,43.3021,-13.5216,-20.3036,-39.434,-15.682,-14.0489,-12.4096,-37.4749,-0.029468,-31.5412,-0.035799,-0.031812,-0.030827,-0.032808,-0.029223,-29.0194,-0.034571,-31.7901,-0.039551
CX11285,174.9794,-13.4797,-164.2481,-146.366,190.6577,-347.6094,-119.5188,-16.776,-130.2883,132.9147,-14.9579,-123.3504,146.7929,-12.9413,-154.4705,-142.1579,-12.4866,-11.8944,-14.6521,-122.1095,-0.05515,-79.351,-0.10288,-0.044821,-0.040562,-0.046501,-0.037279,-36.2587,-0.048921,-41.7892,-0.056785
CX11292,93.0461,-14.0259,-91.421,-104.6424,94.7152,-266.9442,-130.4456,-20.3446,-87.9642,80.1877,-16.0734,-84.5315,83.8974,-15.0315,-90.6832,-92.611,-18.8087,-17.9833,-15.6035,-86.8594,-0.018292,-23.8708,-0.02596,-0.019923,-0.017025,-0.016851,-0.016143,-20.1268,-0.022152,-22.5268,-0.025483
CX11307,42.591,-11.9214,4.8322,-33.361,61.7255,-93.2904,-100.7159,-12.1278,5.0219,26.4768,-9.7516,-1.0281,31.0309,-10.2498,6.7228,-12.492,-12.8321,-9.9323,-8.9416,-0.32298,-0.026204,-43.0248,-0.058159,-0.023843,-0.020336,-0.022654,-0.018281,-19.4093,-0.026548,-23.3816,-0.031832
CX11314,66.3141,-7.2322,-84.3201,-109.2129,38.6337,-140.4302,-116.4264,-13.0896,-51.0194,33.7803,-9.6559,-71.5446,56.1898,-6.7606,-80.5679,-94.2899,-10.9509,-8.0573,-9.732,-70.1347,-0.03177,-33.9162,-0.048305,-0.033864,-0.030751,-0.031596,-0.028551,-28.4473,-0.036656,-31.2207,-0.040877
CX11315,27.59,-8.407,-4.2978,-65.437,72.864,-183.0622,-131.6935,-5.4081,-9.437,22.3435,-7.9183,-18.1943,10.5441,-7.1928,11.4287,-30.4731,-5.8447,-5.6829,-6.8059,-20.6551,-0.07681,-51.3219,-0.072934,-0.082897,-0.075868,-0.079064,-0.069196,-62.4137,-0.087839,-67.2341,-0.094275
DL200,48.9457,-7.6724,-59.4272,-40.9121,62.1328,-127.9323,-46.263,-7.0205,-22.9909,36.6703,-8.2002,-27.7195,43.823,-8.4278,-53.7586,-37.898,-6.8836,-4.5422,-8.449,-26.1703,-0.024464,-37.6416,-0.047596,-0.023514,-0.020258,-0.021733,-0.018852,-22.1727,-0.025456,-23.4396,-0.029225
DL226,37.342,-0.90653,-44.1356,-41.8358,41.7152,-82.6298,-58.2405,-3.3563,-14.0635,20.7115,-3.9189,-15.637,29.8003,-2.8295,-31.8267,-29.4822,-2.5403,1.1428,-5.1537,-16.199,-0.020915,-42.228,-0.049136,-0.014011,-0.012472,-0.014582,-0.011563,-13.7913,-0.015573,-17.6784,-0.020032
DL238,0.7646,-6.1284,-7.6227,-1.8291,9.2569,-66.0255,-42.33,-3.2674,33.7333,-11.8643,-4.8531,19.2997,-10.5938,-5.1766,1.5646,3.2201,-3.8891,-1.9599,-4.4071,18.2715,-0.055411,-63.0003,-0.07191,-0.04316,-0.041938,-0.050795,-0.037359,-41.2366,-0.046313,-46.4968,-0.051935
ECA246,25.4194,-5.0496,-32.4166,-20.1412,48.791,-103.7782,-35.215,-7.7673,-6.3548,7.0318,-7.3278,-12.6579,13.4921,-6.3912,-22.1123,-13.1341,-6.8802,-5.7774,-6.8573,-6.2571,-0.082106,-41.8548,-0.075705,-0.084513,-0.074371,-0.080979,-0.068382,-48.9852,-0.088548,-51.7311,-0.094065
ECA248,73.0989,-16.8475,-65.3533,-81.1565,113.765,-154.9183,-159.0556,-19.6595,-54.117,68.8988,-18.1636,-53.9011,62.9924,-17.1567,-51.8495,-68.8625,-19.208,-19.8717,-15.6775,-52.4944,0.0428,43.3902,0.054979,0.033208,0.033888,0.04111,0.031613,25.5518,0.032638,20.9663,0.027837
ECA250,64.8837,-12.7955,-73.0184,-64.3644,57.2126,-132.8672,-69.3366,-14.0898,-29.8106,47.3095,-12.9867,-39.1048,55.6925,-10.6604,-62.1991,-50.4855,-13.3446,-14.2771,-12.0281,-40.3127,-0.02625,-39.6443,-0.035934,-0.024073,-0.025327,-0.026851,-0.023526,-27.3213,-0.023521,-28.8201,-0.024473
ECA251,116.4148,-22.2201,-93.5175,-119.5165,127.0822,-191.7589,-173.4064,-23.0452,-46.1765,68.4793,-21.5918,-66.6857,92.6145,-21.8441,-81.8169,-88.0769,-22.3147,-20.7192,-19.8515,-65.3949,-0.0066921,-10.7242,-0.0056861,-0.010572,-0.0095019,-0.0085462,-0.0086548,-12.0529,-0.0103,-12.3987,-0.010308
ECA252,13.1626,0.36523,-18.5405,-11.2086,8.9883,-37.5672,-13.9421,-1.9249,-4.0551,9.9984,-1.5725,-5.8482,16.1944,-0.10792,-18.5174,-11.8501,-2.2807,-2.8898,-1.8295,-5.7142,-0.0018913,-1.4163,-0.00077105,-0.0049137,-0.0053868,-0.0038374,-0.0035081,-4.3243,-0.0059584,-8.4701,-0.0077718
ECA259,98.2838,-17.716,-74.9039,-91.2018,121.7449,-183.5008,-129.4008,-13.5955,-33.9096,70.3849,-13.9818,-48.2346,92.0746,-14.0437,-65.3236,-71.0343,-13.3545,-10.2752,-13.3897,-54.9827,-0.071103,-93.601,-0.11171,-0.069377,-0.06339,-0.066722,-0.057785,-64.8168,-0.076826,-77.0627,-0.091384
ECA348,-76.5141,5.5962,113.5215,71.2365,-86.7399,193.5175,54.3166,8.2042,100.7594,-89.9201,8.7987,83.7789,-81.3466,5.0562,123.0222,79.2159,8.4753,10.9308,5.6821,81.1217,0.013721,25.0869,0.026246,0.011053,0.010496,0.011398,0.0095741,11.768,0.011133,10.992,0.0093487
ECA349,7.2766,-6.9442,28.8447,1.4508,3.4556,-33.8019,-47.6274,-6.4614,37.2893,-7.0856,-5.8831,23.0943,3.3078,-6.3027,18.9147,8.5932,-7.1688,-4.3513,-5.8249,22.9606,0.006469,2.5496,0.017619,0.0039796,0.0043813,0.006339,0.0024817,-3.1259,0.0035269,-4.1604,0.00015311
ECA36,222.0508,-18.1255,-261.9494,-128.8676,236.0303,-410.4727,-178.4552,-17.1074,-160.8342,178.2977,-21.5111,-137.3374,200.2491,-22.305,-252.5756,-134.4243,-19.3383,-16.0918,-22.8393,-143.7566,-0.26019,-246.2732,-0.31452,-0.24014,-0.22292,-0.24297,-0.20595,-197.4345,-0.25224,-209.6414,-0.26796
ECA363,85.1193,-9.1925,-187.1363,-57.0254,92.3209,-365.3785,-86.7652,-21.5323,-97.8888,76.998,-12.633,-76.448,83.9538,-11.1903,-170.2704,-55.4832,-14.6957,-24.9767,-8.8811,-67.3551,-0.0868,-99.0966,-0.11873,-0.05916,-0.058763,-0.071387,-0.054368,-50.5787,-0.061141,-54.0866,-0.065783
ECA372,0.43613,-6.908,-10.7132,-14.8002,5.6784,-112.0451,-68.8783,-4.782,17.3046,-6.4152,-5.9256,9.4686,-3.8328,-7.2714,-4.6361,-12.6222,-3.5784,-2.7834,-5.8542,0.83022,-0.0359,-33.9548,-0.039132,-0.034556,-0.033134,-0.036137,-0.030816,-37.9541,-0.036115,-42.5912,-0.040751
ECA396,161.3746,-23.0439,-177.4447,-123.6908,183.8647,-430.933,-132.4102,-25.0337,-128.6629,107.5617,-22.6043,-111.8489,149.2075,-20.5722,-163.6593,-128.4056,-19.1919,-20.8438,-26.271,-100.2865,-0.074076,-88.9795,-0.11806,-0.044691,-0.04381,-0.055769,-0.040428,-34.7069,-0.047297,-38.1704,-0.051919
ED3005,4.8309,-8.9707,1.4398,-28.751,21.7551,-17.0686,-58.4609,-11.476,-3.6967,-6.2338,-11.4823,-14.8091,-2.0669,-10.8392,1.9605,-20.0331,-11.9897,-10.7799,-11.0858,-17.2271,-0.024052,-22.2764,-0.02601,-0.02479,-0.023538,-0.024984,-0.020873,-23.003,-0.027218,-28.1211,-0.03317
ED3011,30.6516,-17.2745,-34.0743,-35.6009,47.4902,-135.0507,-83.2767,-14.0687,-30.7823,31.9751,-14.7976,-26.726,30.2521,-17.1455,-40.1105,-28.7188,-14.7846,-11.3918,-14.7816,-28.6663,-0.028689,-40.8561,-0.043168,-0.028284,-0.025103,-0.026089,-0.022417,-26.3055,-0.032372,-29.4816,-0.039576
ED3012,101.9581,-13.3635,-109.5991,-109.6349,127.9616,-209.5759,-124.9597,-19.9077,-81.3012,81.0617,-15.4123,-87.6714,91.0102,-15.8261,-106.8596,-101.2557,-17.2094,-16.446,-14.947,-86.8094,-0.083945,-73.0035,-0.091761,-0.085997,-0.081133,-0.084257,-0.075082,-71.1851,-0.090059,-74.4798,-0.093463
ED3017,121.4085,-26.6482,-63.0551,-113.9036,121.6732,-240.6693,-205.2196,-19.446,-81.0114,78.9837,-20.97,-79.8201,102.1117,-23.048,-63.0748,-94.9192,-21.3815,-18.5197,-20.1569,-73.2972,-0.053938,-67.5983,-0.084069,-0.048335,-0.044454,-0.048606,-0.041321,-43.8449,-0.05327,-53.2323,-0.069174
ED3040,76.8875,-13.6901,-73.1271,-99.3509,82.6214,-187.4645,-116.7769,-13.9309,-87.384,51.6689,-12.8762,-81.0001,66.5488,-12.943,-69.5595,-96.4807,-12.6327,-11.2352,-13.7795,-83.4057,-0.067104,-65.2722,-0.069887,-0.070976,-0.067286,-0.068732,-0.062921,-67.2382,-0.072284,-71.3678,-0.07591
ED3046,4.941,-2.9938,-35.9406,-23.5607,-3.4614,-90.442,-10.2864,-3.574,-26.0672,5.9084,-3.6549,-20.6403,10.647,-2.757,-31.8495,-23.4329,-4.3682,-6.2964,-3.2659,-19.5804,0.0037268,-8.5911,0.0075317,-0.0023105,-0.00083491,0.0025563,0.0002027,-9.465,-0.0035556,-11.9356,-0.0064723
ED3048,36.4083,-10.7749,-59.024,-79.545,92.0302,-228.0395,-143.0371,-13.0569,-47.205,26.5903,-11.3068,-48.4722,32.369,-11.6428,-39.9841,-58.5243,-13.0123,-11.9209,-10.781,-54.101,-0.081337,-76.9361,-0.10052,-0.082779,-0.076552,-0.080591,-0.070702,-68.8599,-0.088861,-75.829,-0.098537
ED3049,96.8276,-8.5015,-93.257,-106.6964,113.0675,-242.6619,-159.9159,-12.0484,-79.2279,85.4548,-8.6246,-90.5391,92.3437,-8.3957,-81.5685,-95.4948,-12.0035,-11.6216,-8.6874,-89.4821,-0.014797,-23.202,-0.021568,-0.020507,-0.017964,-0.016318,-0.015983,-21.2012,-0.022153,-24.3098,-0.025233
ED3052,68.1,-13.1055,-74.0992,-73.4912,93.5726,-168.3862,-107.4743,-24.1657,-73.7947,70.2547,-18.725,-74.4254,60.765,-12.1985,-64.7949,-66.9143,-25.223,-22.992,-18.9356,-77.1377,-0.047964,-52.2476,-0.05847,-0.053017,-0.049899,-0.050031,-0.04678,-49.65,-0.055643,-54.1677,-0.060795
ED3073,31.6187,-8.275,-26.0097,-25.648,42.0555,-41.1591,-65.0294,-8.7353,-12.8591,22.9231,-8.0435,-14.5071,30.5103,-8.4265,-23.904,-17.8506,-10.0381,-9.8931,-8.5305,-10.5924,-0.0054622,1.9648,-0.0014568,-0.0028557,-0.0040683,-0.0051104,-0.0034985,-0.80379,-0.0033748,-1.3377,-0.0042978
ED3077,68.7002,-12.3257,-118.137,-91.2165,73.3736,-159.2535,-84.4764,-15.9834,-55.5682,59.5209,-13.0154,-58.7434,63.5332,-12.5776,-112.7498,-68.7838,-11.5892,-7.2879,-13.6181,-57.9594,-0.080716,-88.3723,-0.12105,-0.075897,-0.070978,-0.076674,-0.066612,-59.5193,-0.082558,-67.5923,-0.093816
EG4347,54.271,-12.3221,-44.2473,-75.468,59.0477,-161.0651,-114.48,-15.8986,-50.0588,34.5432,-14.1532,-50.7284,44.9783,-13.0616,-33.4507,-64.777,-15.2815,-15.8574,-13.5253,-56.9398,-0.04474,-43.1273,-0.046109,-0.048568,-0.045324,-0.046545,-0.042701,-45.3659,-0.051106,-53.1325,-0.05884
EG4349,-3.9331,-6.6108,15.4749,-5.4901,18.9645,1.4543,-36.0478,-7.2244,16.0699,-11.6007,-6.7884,5.7262,-10.1955,-6.9585,21.5341,0.55948,-6.3242,-3.9107,-6.3921,2.1004,-0.00068286,0.74096,-0.00042567,-0.0097679,-0.005111,-0.0020273,-0.0042646,-9.5571,-0.011717,-12.3345,-0.012204
EG4724,51.9898,-2.6656,-67.9328,-57.9724,41.5734,-135.0113,-62.1798,-0.11255,-43.6478,42.2705,-2.0598,-51.0725,46.2909,-2.3026,-64.6156,-53.3079,-0.07855,0.14281,-0.9302,-49.0155,-0.019729,-18.0141,-0.027801,-0.023043,-0.019654,-0.020113,-0.018021,-18.3213,-0.025648,-21.9285,-0.029993
EG4725,42.5073,-5.9261,-57.4038,-59.393,47.0713,-138.3396,-75.6982,-6.9201,-27.2051,31.1505,-7.3042,-38.3983,32.8949,-6.1985,-50.7277,-49.4485,-7.2067,-5.6732,-6.6773,-41.8724,-0.01074,-7.6212,-0.015057,-0.011294,-0.0097874,-0.011047,-0.0091671,-8.819,-0.013051,-11.0157,-0.015468
EG4946,16.0883,-2.8017,-14.2225,-49.0889,-10.2992,-107.4478,-72.0577,-8.4917,4.1992,-2.9388,-5.1787,-16.3361,5.221,-4.1269,-10.9273,-32.1133,-8.5804,-6.7652,-5.0318,-16.5316,-0.030934,-45.5413,-0.050671,-0.035385,-0.032326,-0.03167,-0.030359,-34.5058,-0.039072,-39.1678,-0.043572
GXW1,82.5775,-15.966,-57.0316,-88.0738,64.3195,-98.5824,-106.8765,-13.0708,-41.9733,58.5835,-14.8562,-55.1155,71.8919,-15.958,-52.3291,-74.0668,-12.4249,-9.9861,-14.8292,-61.0391,-0.028936,-32.9002,-0.036144,-0.024533,-0.024169,-0.028763,-0.022725,-19.3629,-0.02568,-26.0813,-0.034052
JT11398,83.82,-14.3667,-99.7043,-101.8775,90.274,-117.342,-138.105,-17.4342,-46.1775,54.2227,-15.2325,-61.1031,74.5021,-13.3945,-95.6902,-87.9837,-17.405,-15.2943,-14.5525,-62.5331,-0.024272,-24.6723,-0.025478,-0.025745,-0.023279,-0.024436,-0.021636,-25.3383,-0.028011,-27.7253,-0.031948
JU1088,60.7211,-4.8518,-48.4094,-81.1814,65.0211,-179.5066,-107.4953,-5.2917,-52.1136,47.3454,-3.8464,-58.1992,54.0907,-4.1318,-43.4374,-69.2158,-7.0383,-5.233,-3.4736,-60.2468,-0.038947,-35.1688,-0.043289,-0.041356,-0.038895,-0.041594,-0.035521,-34.2549,-0.043815,-36.9226,-0.04588
JU1172,147.6729,-14.761,-139.9417,-154.461,168.6515,-328.7072,-169.4704,-20.1766,-102.728,107.7074,-20.0225,-117.5276,135.0971,-17.4566,-133.6821,-139.3832,-19.2843,-17.075,-18.9788,-112.4258,-0.046858,-69.3483,-0.088706,-0.044133,-0.039448,-0.041263,-0.03678,-39.2887,-0.048467,-46.2228,-0.057109
JU1200,31.0349,-10.8145,-30.1767,-44.3707,36.1189,-146.2878,-82.5857,-14.4572,-39.3806,28.5171,-13.0836,-33.6258,28.8832,-10.9345,-28.3432,-37.3735,-13.7698,-8.0986,-10.7845,-35.4401,-0.050598,-46.0597,-0.053962,-0.051845,-0.048442,-0.051224,-0.044813,-48.3195,-0.056232,-54.3504,-0.062757
JU1212,117.1743,-14.6701,-97.5506,-103.4199,106.2935,-198.8203,-113.2269,-20.0661,-73.6799,88.4355,-15.7136,-87.7491,109.1074,-14.2501,-97.36,-99.3604,-19.0007,-19.9431,-15.9291,-86.0364,-0.01146,-12.0635,-0.013353,-0.015238,-0.012005,-0.010905,-0.010686,-16.9688,-0.016846,-20.0988,-0.022263
JU1213,72.3535,-17.1221,-77.088,-76.2301,82.1078,-144.3394,-123.9844,-16.242,-39.3893,49.8058,-17.3701,-45.1904,59.6899,-17.7356,-72.9228,-62.6162,-15.2097,-12.669,-16.2749,-42.7496,-0.053089,-53.6073,-0.060437,-0.05845,-0.05448,-0.05588,-0.050546,-52.7652,-0.061801,-57.3976,-0.070921
JU1242,65.7201,-5.3587,-72.951,-83.6562,77.3082,-119.9766,-138.4125,-11.1465,-27.6071,31.0093,-8.7473,-42.5929,55.3438,-6.6299,-65.1187,-64.8649,-11.1081,-6.1283,-7.6299,-36.531,-0.030803,-43.9337,-0.052197,-0.032182,-0.027834,-0.028325,-0.025451,-29.6828,-0.035344,-35.0089,-0.041653
JU1246,137.4371,-12.0515,-130.2168,-127.5961,127.3517,-244.8623,-135.8488,-14.263,-101.9803,98.9252,-12.4583,-100.9389,118.8894,-11.3094,-113.3645,-121.9967,-14.5536,-11.8705,-12.5393,-98.7512,-0.024911,-34.6877,-0.039913,-0.026414,-0.024436,-0.025211,-0.022919,-22.4543,-0.028287,-26.327,-0.033285
JU1395,44.7705,-19.0711,-22.2795,-70.8162,45.3703,-67.4886,-96.6592,-12.9787,-20.8912,22.4458,-13.1375,-44.6074,38.7799,-15.6817,-16.5558,-58.0692,-11.3527,-10.0355,-12.7405,-42.3762,-0.0051532,-9.9111,-0.0042115,-0.0090597,-0.0074821,-0.0060904,-0.006498,-12.406,-0.0097495,-15.5529,-0.012907
JU1400,14.7699,-0.53544,-33.6605,-21.6983,25.0295,-83.6722,-53.2856,-3.3342,-8.2836,0.90041,-1.6126,-6.6391,12.8926,-1.6361,-28.703,-15.4355,-3.9887,-0.94423,-2.6574,-5.2659,0.003425,3.1937,0.0052197,-0.0016754,-0.00013532,0.0012997,-0.00038726,-2.0981,-0.002549,-3.1227,-0.0042953
JU1409,156.4834,-17.0128,-141.1416,-129.885,188.2187,-306.4322,-145.3672,-15.7138,-108.3579,128.4303,-13.9669,-116.0359,137.0008,-16.1507,-140.6672,-125.3491,-18.625,-13.0704,-14.5174,-115.615,-0.076923,-80.4835,-0.10105,-0.076377,-0.070703,-0.075621,-0.066425,-64.125,-0.080638,-73.1292,-0.087094
JU1440,6.083,-3.8602,-18.4152,-24.1673,12.1332,-93.0396,-80.1599,-4.4786,9.9574,-3.8741,-4.4685,8.6518,-1.9493,-4.6756,-20.0937,-9.3257,-3.7952,-1.6904,-4.5675,11.2891,-0.0094311,-15.9232,-0.017411,-0.008496,-0.0081433,-0.0090476,-0.0071772,-8.4996,-0.0099308,-9.6185,-0.012436
JU1491,10.5515,-7.3836,4.2723,-32.5733,28.1379,-38.7495,-65.9067,-7.6568,10.134,7.4601,-6.5307,-8.4053,7.8843,-6.0855,10.183,-20.7498,-8.2358,-8.1981,-6.7596,-11.8371,-0.0042162,-4.9673,-0.0022337,-0.0048704,-0.0052222,-0.0055618,-0.0040467,-4.0655,-0.0043927,-2.7863,-0.0038465
JU1530,63.2146,-11.4192,-65.2849,-74.9914,66.8576,-115.0834,-106.4141,-13.1229,-20.0468,26.4497,-12.5181,-38.4785,57.4258,-11.018,-64.9027,-71.2132,-11.0463,-8.2193,-11.7185,-43.1923,-0.004883,-4.3589,-0.005734,-0.0098105,-0.0060865,-0.0059075,-0.0053536,-7.9318,-0.010325,-11.0208,-0.012112
JU1543,-11.7437,-10.2338,10.3581,3.985,-3.1922,-45.302,-2.0485,-8.2551,-4.7633,-10.6116,-9.1047,4.9203,-7.7695,-6.6156,15.4885,3.6641,-5.4322,-6.2238,-8.5551,2.093,-0.026099,-37.2962,-0.033922,-0.031355,-0.026875,-0.02497,-0.024704,-33.4398,-0.034,-39.1847,-0.039922
JU1568,-14.0728,-3.1154,31.3952,19.3126,-35.8648,68.7651,10.549,-2.5048,40.1935,-35.0593,-2.2757,33.5849,-19.9684,-3.9546,32.1461,21.9111,-2.5161,-2.107,-2.9033,33.9045,-0.039634,-34.6541,-0.045578,-0.041224,-0.040172,-0.040806,-0.037762,-32.5283,-0.043523,-35.3652,-0.049856
JU1580,38.0135,-9.7568,-84.422,-44.8794,32.862,-170.379,-61.4293,-8.5919,-50.3018,35.1462,-9.7913,-45.649,39.757,-10.5159,-86.7137,-59.6839,-8.0928,-7.2141,-9.6481,-48.4275,-0.024458,-43.402,-0.050857,-0.021177,-0.019885,-0.021304,-0.018387,-19.8457,-0.022861,-21.0505,-0.02428
JU1581,140.2659,-21.3456,-111.2972,-132.0236,170.4722,-275.0404,-159.799,-24.2251,-113.2823,102.7306,-21.6758,-106.4343,119.2057,-20.9316,-98.7003,-119.2693,-24.3831,-22.9682,-20.3458,-99.476,-0.071963,-95.5196,-0.101,-0.072138,-0.066785,-0.070848,-0.059574,-72.0084,-0.076596,-78.1584,-0.08713
JU1586,117.6907,-19.6178,-89.499,-122.4268,108.8658,-156.4416,-144.2235,-20.9713,-96.3877,88.2364,-22.1078,-107.2155,104.6192,-20.4289,-90.3987,-119.4661,-21.5797,-19.2969,-21.8618,-107.034,-0.043596,-37.2398,-0.049468,-0.051588,-0.046918,-0.046913,-0.043174,-41.2262,-0.054197,-43.1416,-0.056974
JU1652,29.6933,-7.9218,-48.7777,-29.9812,22.7503,-139.169,-27.2825,-6.1775,-26.2832,16.9545,-8.7063,-32.4797,18.5055,-6.0398,-44.847,-29.9155,-4.6211,-4.5659,-7.8265,-29.096,-0.032672,-46.0786,-0.05293,-0.018916,-0.019306,-0.025207,-0.018472,-17.1763,-0.019702,-21.8094,-0.024882
JU1793,43.4253,-14.0754,-67.398,-56.3103,74.7036,-177.7338,-79.0751,-10.8602,-48.3255,31.4798,-10.8673,-46.9205,39.3297,-14.2007,-62.1514,-58.0425,-10.7702,-9.9982,-9.5872,-37.6611,-0.019503,-43.2795,-0.052993,-0.01625,-0.0135,-0.015087,-0.012356,-14.9094,-0.018398,-18.3946,-0.022818
JU1808,34.758,-13.579,-39.5519,-53.3944,78.3713,-248.6353,-83.8117,-10.7507,-27.2827,28.0133,-10.3688,-27.7116,31.0398,-11.893,-29.8051,-41.5061,-11.7418,-11.3825,-11.6801,-34.1276,-0.041033,-45.949,-0.050332,-0.03965,-0.038003,-0.037858,-0.034931,-40.0819,-0.043387,-47.404,-0.050949
JU1896,97.0188,-17.3168,-59.7459,-69.7943,98.5485,-157.7897,-109.3128,-13.5533,-52.7448,83.2776,-16.4274,-56.4009,87.6151,-18.5964,-54.1098,-65.8288,-15.3076,-11.6839,-16.1981,-40.938,-0.011934,-15.7152,-0.016197,-0.014403,-0.012283,-0.011701,-0.01137,-13.954,-0.016425,-16.0522,-0.019124
JU2001,103.3962,-12.5115,-91.6646,-93.276,96.0722,-207.1519,-100.7014,-17.9714,-77.174,83.6099,-16.3337,-74.2794,101.5979,-10.4044,-86.0379,-89.9744,-18.0424,-18.7008,-17.8432,-71.9128,-0.014208,-18.5996,-0.023432,-0.016602,-0.013497,-0.01423,-0.011176,-10.8313,-0.018408,-11.1716,-0.019897
JU2007,3.1281,-2.7175,-54.212,-60.1919,30.8151,-84.2515,-104.2274,-5.2905,19.5376,-30.5491,-7.2334,-12.0753,-8.0811,-5.9398,-39.2631,-39.1069,-2.9395,1.503,-7.0124,-11.6519,-0.027912,-40.1175,-0.036361,-0.036222,-0.03233,-0.030848,-0.029992,-35.0094,-0.038128,-38.8277,-0.043234
JU2131,22.38,-1.434,-60.8325,-15.6888,31.4073,-70.1294,-21.946,-1.1601,-26.9743,21.9312,0.73852,-12.1229,19.1262,0.090185,-48.2904,-6.0204,0.56241,2.3721,0.64725,-13.5212,0.012092,11.4231,0.01752,0.0088479,0.010756,0.012185,0.011166,5.4067,0.0079945,2.9794,0.0042445
JU2141,34.4912,-5.6964,-33.7115,-28.3858,58.5945,-114.6165,-114.2564,-2.4231,5.2206,27.5048,-3.7307,-11.2215,28.2185,-5.4984,-14.6969,-18.7499,-1.5301,0.68349,-4.9561,-12.171,0.0016804,0.54403,-0.0010543,0.00084597,0.00088206,0.00088385,0.0011897,0.68656,-5.8964e-05,-0.1302,-0.0010441
JU2234,-5.6855,-2.6277,19.4023,-30.213,7.9882,-76.1396,-35.7191,-4.1857,12.2253,-23.1865,-4.6833,9.1237,-13.8834,-3.8851,34.2959,-14.3604,-3.033,-4.0878,-4.9745,9.7447,-0.038995,-33.9652,-0.048061,-0.023819,-0.022421,-0.028696,-0.020264,-19.4395,-0.025065,-23.2319,-0.030145
JU2464,34.119,-4.6575,-47.6478,-45.4489,44.6577,-91.4057,-69.0529,-5.7581,-31.11,30.2144,-4.8972,-38.9394,35.9684,-7.2022,-46.3103,-43.9281,-6.2936,-5.1232,-4.4481,-40.0658,-0.01739,-6.2489,-0.015848,-0.017638,-0.013619,-0.015633,-0.011396,-11.7771,-0.021199,-16.6703,-0.027998
JU2466,55.7168,-1.5722,-66.7698,-60.2976,39.3298,-73.1967,-74.4717,-6.3963,-19.0328,34.9817,-6.7036,-37.9493,44.7975,-5.0165,-64.3508,-51.8355,-6.7706,-4.9776,-6.187,-35.7172,0.008456,12.792,0.0068352,0.010223,0.0078136,0.0078977,0.0063856,12.7212,0.010092,8.5167,0.0088225
JU2513,82.0638,-21.3253,-91.5138,-108.9963,95.7155,-169.1817,-156.4655,-21.0393,-88.6809,65.786,-22.6752,-96.3655,76.8864,-22.1236,-85.5208,-102.6869,-20.359,-18.468,-20.4304,-100.3205,-0.024465,-23.0853,-0.030887,-0.031556,-0.02781,-0.026781,-0.025332,-26.7614,-0.033894,-32.7574,-0.039104
JU2519,46.8936,-8.6548,-44.9901,-24.0819,42.8413,-49.2012,-37.587,1.3378,-3.2868,33.68,-1.6166,-13.8344,43.2894,-5.925,-42.052,-25.9825,3.2686,0.97783,-1.8436,-22.8335,-0.015669,-17.3331,-0.024357,-0.01557,-0.013361,-0.014973,-0.012593,-14.9742,-0.017763,-18.1972,-0.021689
JU2522,68.7816,-11.2142,-94.4315,-65.3281,76.9688,-187.8032,-70.3553,-6.1289,-30.157,64.5123,-6.1434,-37.1507,72.687,-10.4108,-91.5025,-60.6422,-5.2054,-4.0807,-6.7321,-34.8501,-0.021112,-36.4657,-0.045646,-0.020937,-0.018212,-0.019051,-0.017279,-18.3604,-0.022905,-19.9911,-0.025029
JU2526,95.6771,-12.2046,-76.3777,-88.0511,96.7272,-129.213,-121.4502,-13.822,-62.5728,69.0395,-12.8769,-51.9016,83.592,-10.3954,-81.9998,-73.7041,-15.1442,-12.6773,-13.4539,-53.4419,-0.068429,-99.2819,-0.10912,-0.051565,-0.050439,-0.058252,-0.04734,-52.2167,-0.05368,-58.0366,-0.059338
JU2534,59.994,-1.7246,-89.6084,-57.9554,33.7647,-196.6584,-53.452,-1.8132,-27.8826,44.1954,-2.5223,-40.6253,53.1951,-1.8034,-71.6555,-62.0174,-1.5938,-0.01812,-3.2655,-43.8965,-0.022687,-27.0074,-0.034275,-0.027564,-0.023287,-0.023063,-0.02167,-23.8505,-0.029919,-27.6065,-0.03264
JU2565,34.1117,-6.7252,-43.4627,-46.6444,39.4249,-156.6432,-49.2329,-8.4154,-41.3691,33.6068,-7.2772,-42.0889,35.675,-7.3716,-39.8042,-35.7156,-7.6613,-6.5736,-7.4692,-41.5607,0.0029104,6.324,0.0074703,0.0052496,0.003981,0.0027536,0.0036716,3.1873,0.0059174,3.9173,0.0069753
JU2566,78.3273,-10.4033,-68.2468,-71.4344,37.5474,-161.8043,-55.4943,-7.782,-54.5559,54.4181,-6.7449,-62.4729,70.8297,-9.5727,-59.5594,-70.5739,-7.5505,-5.4391,-7.1817,-64.5168,-0.021667,-32.8742,-0.034661,-0.025461,-0.021522,-0.02081,-0.02004,-25.4142,-0.02804,-29.9899,-0.033354
JU2578,116.918,-20.0494,-103.2684,-113.6111,94.0621,-210.6773,-128.0294,-23.1914,-101.5307,97.8844,-21.5435,-102.4165,102.3911,-22.4669,-98.5653,-108.0035,-22.1622,-21.7036,-19.6299,-114.7682,0.011795,15.7059,0.016532,0.0049248,0.008866,0.010753,0.008997,3.4847,0.0020184,-1.4702,-1.2331e-05
JU258,21.1436,-15.7523,-28.9205,-50.4428,31.2188,-155.7361,-77.5564,-14.4761,-28.8521,7.8315,-14.613,-30.0404,15.0785,-13.9139,-18.2217,-42.044,-14.0702,-11.1799,-13.8745,-36.8341,-0.041828,-57.6727,-0.073424,-0.040084,-0.036422,-0.038511,-0.03346,-36.5016,-0.042985,-42.6943,-0.048362
JU2587,22.871,-5.82,7.2296,-27.6512,34.6847,-65.6317,-62.4693,-4.9065,37.8815,-17.1615,-4.2975,11.9337,5.6625,-4.9664,14.8853,-8.1165,-3.9339,-1.1498,-3.7304,2.8849,-0.027869,-22.1769,-0.025374,-0.034437,-0.031489,-0.031435,-0.029257,-30.5566,-0.036501,-33.1028,-0.039081
JU2593,59.7271,-11.8612,-29.7309,-51.8388,22.7186,-38.5837,-63.4148,-10.1218,17.1347,14.7868,-10.4003,-5.5419,42.9934,-10.4434,-14.053,-32.2008,-7.8455,-3.5494,-10.9441,-11.0655,-0.012594,-24.1345,-0.019217,-0.018461,-0.015675,-0.014387,-0.014475,-22.75,-0.019617,-25.3185,-0.022239
JU2600,21.6693,-7.8997,-76.379,-61.4914,100.755,-138.2163,-107.2833,-9.8561,-53.7484,15.4129,-7.769,-44.9782,7.5967,-8.5688,-43.0629,-39.5155,-8.6435,-11.8163,-8.0996,-38.2606,-0.041386,-47.5154,-0.060827,-0.042865,-0.039917,-0.041536,-0.037309,-35.2175,-0.044785,-40.2872,-0.051243
JU2800,156.8157,-24.1829,-128.5371,-124.7055,198.5654,-380.7477,-195.8872,-14.7967,-103.0639,130.7361,-18.4377,-91.7428,128.3894,-20.7805,-114.3228,-95.5628,-15.6416,-12.7004,-15.8774,-91.5993,-0.017519,-35.288,-0.043352,-0.012408,-0.01076,-0.013503,-0.0099012,-10.5778,-0.014178,-14.1016,-0.018668
JU2862,128.8259,-21.2168,-121.9606,-162.5029,150.9955,-361.8863,-170.2377,-21.366,-107.7717,92.6067,-23.0512,-111.8592,113.0993,-21.4719,-102.2661,-141.1715,-21.9772,-21.4191,-19.6749,-111.8043,-0.063127,-99.737,-0.1126,-0.04331,-0.040634,-0.050872,-0.037412,-40.7898,-0.047038,-46.4541,-0.053853
JU2866,6.5467,-8.0464,-0.40341,-32.5468,51.1614,-113.4256,-75.0452,-8.9531,-11.1615,14.3247,-9.0572,-0.79907,-1.4709,-8.7496,18.5055,-12.2489,-9.0369,-7.8293,-9.8754,2.3121,-0.025463,-47.7086,-0.065784,-0.023848,-0.02045,-0.022031,-0.018204,-19.6344,-0.026853,-24.6061,-0.033962
JU2878,168.5513,-36.5314,-121.611,-143.584,147.3041,-299.386,-168.8243,-31.6861,-151.1915,150.2841,-32.319,-134.5109,159.9977,-33.034,-124.6331,-137.653,-32.3635,-29.7506,-32.0367,-141.602,-0.051296,-47.6023,-0.06346,-0.05125,-0.049163,-0.052243,-0.045038,-40.7351,-0.054155,-45.8634,-0.06082
JU2879,119.8204,-9.4485,-107.9148,-87.5578,108.7162,-295.5374,-91.7603,-17.2237,-77.4311,89.7069,-12.0266,-71.0473,104.8335,-11.2411,-111.7893,-78.8544,-16.9315,-16.8026,-11.4473,-74.7932,-0.08104,-91.7122,-0.11463,-0.063207,-0.058586,-0.068892,-0.054715,-53.075,-0.067188,-60.3616,-0.076233
JU2906,15.5478,-13.4604,-63.9569,-11.829,26.9296,-224.7858,-3.0703,-18.729,-21.484,9.2816,-16.1169,-20.6717,14.6144,-14.5449,-42.7162,-20.3009,-18.4593,-15.0983,-16.1269,-11.2482,0.014983,25.8966,0.034218,0.0060863,0.0072357,0.011101,0.0066351,4.6227,0.006523,6.3778,0.0089957
JU310,39.0494,-7.7034,-25.5359,-42.1969,28.5782,-87.0531,-75.9127,-5.0501,-8.1572,28.3933,-6.0129,-23.3636,33.7104,-8.4259,-20.4041,-36.9268,-4.8666,-3.0473,-7.0312,-25.8343,-0.039429,-37.8785,-0.057556,-0.038387,-0.035622,-0.038582,-0.032621,-28.6957,-0.041533,-32.9663,-0.047713
JU311,75.7679,-10.4688,-75.7073,-81.4288,85.3085,-149.6679,-105.0457,-13.5113,-57.6069,46.4812,-13.2162,-61.3064,59.3274,-9.5803,-58.0828,-73.9391,-12.7091,-12.9452,-12.251,-58.4871,-0.059576,-52.4922,-0.066114,-0.067065,-0.060053,-0.060834,-0.055453,-56.64,-0.072122,-64.2394,-0.081583
JU3125,-25.9154,-4.6607,30.9436,8.5548,-0.95789,-88.0461,-50.7109,-1.8804,43.5531,-32.7458,-3.3098,33.029,-26.8005,-3.6954,35.1289,21.375,-4.5718,-0.92684,-4.0904,28.4804,-0.095496,-104.1318,-0.11961,-0.094532,-0.087475,-0.091615,-0.080221,-88.7228,-0.10115,-100.4907,-0.1145
JU3127,116.8163,-11.1838,-91.0852,-106.3218,97.553,-135.3359,-150.3356,-13.8004,-48.737,72.3005,-12.942,-61.1025,102.7016,-10.6089,-78.4996,-86.248,-14.8116,-15.2465,-11.4808,-60.3601,0.010894,13.3427,0.020562,0.0059687,0.0057731,0.0076385,0.0058768,3.348,0.0060918,1.8034,0.0045486
JU3134,109.2668,-22.4462,-97.8134,-108.075,116.9407,-197.9271,-139.4706,-20.0559,-66.1942,80.5355,-21.1692,-77.7121,102.0676,-21.2041,-83.7412,-99.9479,-20.9745,-16.9944,-21.5154,-84.8224,-0.035357,-31.3101,-0.043289,-0.041891,-0.037833,-0.037858,-0.035156,-35.1535,-0.045866,-41.4576,-0.053675
JU3135,116.3909,-20.3289,-120.227,-117.1676,124.5441,-291.387,-162.1541,-17.4447,-110.393,101.9229,-19.438,-102.3009,99.3552,-20.7177,-100.5786,-103.5084,-16.1834,-16.2715,-15.983,-102.8012,-0.035968,-63.751,-0.071854,-0.025386,-0.022516,-0.025531,-0.020969,-24.7641,-0.027878,-28.9782,-0.032644
JU3137,44.3485,-13.9791,-44.3,-41.7582,85.6793,-176.8632,-90.5501,-10.8782,-29.5067,29.0267,-10.3315,-22.7759,30.5659,-10.5987,-35.584,-27.2284,-13.2298,-9.631,-9.9624,-27.3905,-0.045805,-78.5603,-0.091429,-0.03677,-0.034068,-0.037279,-0.031264,-34.6243,-0.039437,-38.7309,-0.044221
JU3140,113.6782,-15.011,-93.2729,-90.231,102.2756,-191.6308,-114.9818,-13.3143,-71.4733,84.0474,-13.6654,-67.7291,94.9547,-13.2117,-72.9296,-77.8901,-13.9153,-10.4017,-11.9798,-65.3097,-0.01041,-16.9897,-0.015781,-0.012383,-0.0099403,-0.0094087,-0.009035,-14.6641,-0.014812,-17.8453,-0.017523
JU323,15.4105,-11.9563,-28.1936,-22.259,35.7592,-102.913,-71.8111,-13.1122,1.6988,10.3201,-13.1908,-2.4596,12.4598,-12.4073,-24.4368,-9.7324,-13.1239,-13.1496,-12.2181,-2.2665,-0.025666,-25.1608,-0.029792,-0.027937,-0.027169,-0.02664,-0.025505,-24.4875,-0.029157,-28.8542,-0.032962
JU346,28.7708,-5.6993,-2.1149,-20.914,18.995,-9.0549,-46.2907,-9.3069,-1.7822,2.1772,-8.2994,-8.7158,20.5349,-6.3906,4.5147,-16.011,-9.5279,-8.553,-7.0194,-10.1338,-0.015215,-21.6883,-0.022823,-0.014887,-0.012962,-0.012828,-0.011812,-15.3871,-0.016595,-17.7468,-0.019042
JU360,139.6614,-23.723,-150.045,-149.1651,171.5325,-446.2588,-179.9695,-24.0559,-128.1349,93.7079,-21.7093,-118.2435,120.939,-17.0077,-122.1349,-137.7601,-23.6772,-21.8986,-24.5227,-128.57,-0.043302,-35.0134,-0.047848,-0.027867,-0.027602,-0.035743,-0.026068,-22.7197,-0.028676,-25.1889,-0.031559
JU367,56.7238,-5.5677,-62.2724,-56.783,40.4365,-62.3247,-77.3461,-9.3043,-6.2316,18.8243,-6.6108,-28.2985,37.0985,-4.2704,-52.6273,-50.9332,-11.428,-9.8256,-5.5757,-30.0664,-0.04604,-41.6844,-0.053988,-0.045141,-0.043694,-0.046895,-0.040671,-29.8014,-0.047888,-32.8793,-0.052988
JU393,102.6768,-9.4504,-132.7262,-92.5202,117.9185,-258.7769,-99.1363,-9.933,-70.8444,90.2025,-11.6348,-74.5612,100.2686,-9.3006,-129.554,-87.3498,-10.1997,-11.5599,-9.901,-72.6627,-0.032453,-50.7779,-0.059718,-0.031523,-0.028668,-0.02969,-0.027135,-28.6367,-0.033975,-31.8796,-0.037605
JU394,46.9155,-17.5467,-50.7041,-49.4474,41.2912,-56.6259,-75.3345,-14.6033,-35.2599,45.3131,-15.8793,-33.2986,44.4754,-16.3278,-39.6483,-43.3448,-14.5125,-12.0832,-14.3835,-37.2513,-0.0043254,-10.7775,-0.0038799,-0.014078,-0.0088905,-0.006214,-0.0069092,-18.8851,-0.016119,-22.0412,-0.018898
JU397,125.9499,-17.7254,-110.506,-101.0234,163.1259,-362.0422,-115.6996,-13.886,-91.2958,109.756,-15.4366,-77.8857,114.8178,-15.3508,-88.0482,-81.5645,-14.839,-13.5338,-12.3179,-89.8755,-0.067924,-85.826,-0.11708,-0.050146,-0.044534,-0.055459,-0.041931,-42.7028,-0.056158,-53.9608,-0.070671
JU406,27.5869,-5.5989,-19.8977,-29.9691,36.9397,-35.4493,-71.8841,-7.6219,11.0412,-0.55267,-5.9582,-12.7361,21.6848,-5.777,-19.4417,-22.377,-6.9899,-3.7921,-7.3595,-11.4586,-0.0069629,-9.9727,-0.006389,-0.013751,-0.0099299,-0.0081086,-0.0078693,-16.2964,-0.016106,-22.495,-0.021829
JU440,85.6666,-7.6416,-85.7294,-109.779,101.9568,-175.8094,-121.102,-15.3844,-63.8616,44.4247,-9.1454,-70.0221,68.4044,-8.2493,-72.1208,-96.8033,-14.805,-10.9036,-10.4868,-65.4984,-0.061178,-73.9104,-0.094364,-0.045757,-0.042369,-0.049972,-0.040076,-39.3171,-0.050177,-45.7187,-0.058222
JU561,59.5961,-12.3133,-50.0295,-53.7805,56.9195,-105.0728,-75.0966,-8.6127,-44.7525,44.5134,-11.4968,-43.613,54.0489,-13.1296,-56.7144,-60.9796,-7.2419,-4.9004,-11.8153,-41.2287,-0.066829,-58.8898,-0.072901,-0.06871,-0.064105,-0.067783,-0.058928,-59.7335,-0.071616,-65.8429,-0.077928
JU642,70.4521,-19.8362,-72.7967,-62.675,75.5359,-183.1168,-73.9214,-17.3032,-57.8015,67.8032,-18.8917,-48.7509,61.6145,-17.0192,-74.0271,-60.3201,-16.3842,-16.0763,-17.6707,-51.1907,-0.082006,-98.0423,-0.12354,-0.064654,-0.061925,-0.072634,-0.057222,-55.0898,-0.070485,-62.1897,-0.079638
JU751,65.1597,0.53618,-51.0088,-83.3547,152.8736,-328.1356,-133.4474,-6.6487,-52.6124,50.8657,-8.4602,-51.8714,33.561,0.23977,-19.333,-43.7242,-8.7285,-9.6657,-9.3111,-35.7647,-0.043117,-65.872,-0.080185,-0.018374,-0.017772,-0.028663,-0.018681,-17.125,-0.021438,-18.3037,-0.022937
JU774,66.527,-17.1299,-79.3194,-64.6854,89.4555,-207.2725,-101.8088,-11.316,-57.5693,62.4535,-14.6569,-45.5336,68.0618,-15.3811,-86.3081,-59.9405,-11.1838,-7.7465,-13.682,-47.9793,-0.06601,-75.6572,-0.099417,-0.064325,-0.057633,-0.060764,-0.053644,-55.403,-0.07115,-65.5858,-0.083668
JU775,38.6053,-2.3871,-60.5712,-56.5704,65.154,-67.7141,-100.6888,-4.7921,9.1625,12.996,-4.8264,-14.1328,26.0331,-3.9196,-44.8962,-40.5036,-2.6716,0.45167,-5.6644,-17.9818,-0.0090408,-9.1064,-0.013872,-0.014329,-0.010703,-0.010032,-0.0097664,-13.8053,-0.016802,-15.8051,-0.020859
JU778,72.0152,-12.7129,-71.0423,-63.5214,78.471,-137.9538,-82.6298,-12.9882,-46.2436,67.6138,-13.9571,-54.5861,68.9007,-13.672,-71.7913,-60.2244,-11.2431,-11.6598,-14.2339,-55.4123,-0.068611,-65.7372,-0.076257,-0.066833,-0.063978,-0.069173,-0.057789,-60.017,-0.069202,-64.0607,-0.073762
JU782,28.0959,0.64107,-34.5976,-24.8672,6.9014,-49.6158,-38.1686,-1.3647,3.308,8.3849,-1.0891,-7.0672,18.9722,1.801,-28.2471,-16.4608,-3.4498,-0.77891,-0.98966,-5.8568,-0.014802,-30.3115,-0.022431,-0.019906,-0.017993,-0.016238,-0.017135,-24.2236,-0.020731,-26.6144,-0.022301
JU792,-41.2029,-3.8531,30.9774,0.88904,11.5963,-25.5452,-40.3994,-4.5237,30.3959,-38.3809,-5.2447,21.3433,-38.43,-3.8682,38.4584,19.42,-4.2119,-2.9271,-6.2308,23.2898,-0.021793,-27.1857,-0.034681,-0.021615,-0.018756,-0.019162,-0.017431,-19.079,-0.023954,-21.3736,-0.026842
JU830,43.4441,2.8951,-42.5547,7.3378,41.359,-113.2328,13.8593,-2.3672,-8.1684,23.4422,-0.67562,-8.2409,33.0835,1.7079,-31.4759,11.8145,-0.97135,-0.86057,-0.18438,-0.72968,-0.014816,-9.9762,-0.0064648,-0.016995,-0.013398,-0.014519,-0.011826,-22.4365,-0.01754,-28.6117,-0.018695
JU847,45.8103,-15.5267,-76.4156,-68.2654,94.6378,-240.948,-123.0807,-9.0278,-44.2935,56.2451,-11.9295,-45.7219,44.5913,-14.0512,-71.178,-53.2595,-8.2945,-5.8338,-10.4307,-51.489,-0.01782,-32.1023,-0.036568,-0.014502,-0.013156,-0.015248,-0.012245,-13.368,-0.016153,-15.9711,-0.02061
KR314,-25.7423,-8.349,24.3355,21.8534,-41.0213,45.6557,10.9485,-4.3407,11.8881,-13.9533,-4.8671,15.2051,-27.0525,-6.8877,20.719,22.8008,-3.2515,0.58789,-4.5976,10.7173,-0.015663,-15.0074,-0.016945,-0.018203,-0.017024,-0.017102,-0.015926,-16.8204,-0.019453,-18.9079,-0.021938
LKC34,90.7579,-16.8201,-71.124,-79.3214,96.362,-137.9241,-91.5475,-20.4703,-72.0327,92.9042,-18.2537,-78.1378,85.5885,-17.9017,-73.4102,-79.3915,-18.6332,-18.1467,-17.9946,-79.6736,-0.010218,-13.3371,-0.012412,-0.017228,-0.013499,-0.011176,-0.012341,-17.9112,-0.020482,-25.3806,-0.027223
LSJ1,57.9805,-6.5479,-36.5944,-45.4362,49.7178,-133.425,-68.0286,-9.314,-8.8322,36.0595,-5.9923,-18.4352,46.9081,-7.4776,-23.1128,-31.1158,-8.9619,-7.5064,-8.6544,-19.835,-0.057969,-70.3763,-0.093393,-0.041737,-0.04098,-0.048959,-0.038815,-33.9792,-0.044085,-38.5764,-0.050037
MY1,5.3588,-7.1356,-6.3624,-31.2215,0.6319,3.9761,-55.2906,-6.1871,24.049,-31.2039,-6.1925,2.7069,-2.9761,-7.204,2.6034,-18.215,-6.7312,-4.2472,-5.9667,4.2968,-0.010673,-14.5106,-0.014779,-0.0172,-0.012535,-0.011694,-0.010853,-15.0599,-0.019686,-19.6995,-0.02552
MY10,-0.9693,-13.1423,-36.1674,-4.2432,38.1804,-85.2086,-50.5058,-8.3859,-5.986,3.4333,-9.9444,-4.3724,-11.8849,-12.9126,-14.5215,-0.009552,-6.833,-6.2154,-11.9549,-6.4398,-0.013718,-17.4723,-0.021447,-0.013967,-0.012137,-0.012866,-0.011345,-14.5173,-0.015682,-15.9775,-0.017117
MY16,4.135,-5.4602,-22.7476,-29.6395,18.15,-94.0111,-54.0331,-8.6144,-25.9321,2.8026,-8.1879,-23.2057,5.436,-4.7527,-22.1621,-29.6399,-7.2176,-5.8978,-10.0399,-26.6528,-0.024622,-25.0996,-0.035189,-0.019918,-0.020771,-0.022842,-0.020225,-14.3595,-0.020899,-16.8494,-0.023924
MY18,127.9199,-7.7632,-166.093,-157.6965,131.3683,-420.325,-119.4135,-14.1103,-135.6705,115.3282,-12.5814,-132.5905,125.6329,-5.4566,-164.1417,-146.5273,-16.7829,-16.511,-12.6736,-125.0844,-0.051057,-77.7127,-0.082952,-0.033694,-0.032825,-0.040455,-0.031012,-32.726,-0.035557,-33.9976,-0.036913
MY2212,131.9387,-24.7548,-93.6861,-140.7652,105.1617,-169.9662,-165.4267,-22.6617,-90.6846,88.3785,-24.69,-97.9965,108.3413,-25.3682,-80.7694,-117.0782,-23.8663,-21.5298,-24.6036,-97.6671,0.0095527,17.0359,0.019488,0.0030699,0.004951,0.0070674,0.0052899,2.5582,0.0023795,0.70187,0.00011268
MY23,69.3492,-9.7292,-98.9899,-107.442,80.2938,-250.7395,-127.895,-10.185,-43.0547,46.0322,-9.1975,-61.9673,55.4615,-7.203,-80.9461,-89.5513,-11.048,-7.961,-10.4812,-57.6211,-0.040099,-54.2027,-0.063021,-0.026566,-0.024632,-0.029937,-0.023204,-24.1002,-0.028357,-30.9548,-0.036198
MY2453,-30.9492,-1.9159,32.6693,11.107,-7.4762,-35.75,-35.0508,0.2817,46.5786,-42.2058,1.7056,32.8887,-33.9825,-0.7808,28.2425,22.0246,-0.087133,2.2796,0.55213,33.3893,-0.018448,-24.951,-0.019591,-0.020317,-0.020339,-0.019796,-0.019199,-23.014,-0.021129,-26.1307,-0.024418
MY2530,56.0266,-16.298,-34.8217,-57.3325,56.2536,-157.8994,-101.2224,-14.9236,-27.969,43.5715,-14.6998,-33.5469,49.9076,-15.3916,-36.047,-49.9134,-15.104,-12.7111,-13.664,-34.0576,-0.024349,-37.6054,-0.047653,-0.025514,-0.022992,-0.022929,-0.021632,-22.3047,-0.02818,-25.3731,-0.032144
MY2535,81.0362,-15.1828,-78.5271,-67.7257,108.3302,-213.2568,-107.2195,-15.4922,-44.9644,65.0524,-14.3484,-50.2661,69.6385,-14.7104,-75.2408,-62.009,-16.1589,-11.7638,-12.173,-54.2912,-0.021408,-44.0345,-0.054713,-0.018367,-0.015185,-0.016475,-0.014024,-16.3098,-0.020672,-20.0438,-0.025342
MY2573,-1.5312,-12.1687,-7.1393,-10.0194,-4.1461,-13.4168,-53.7164,-9.3967,11.5675,3.5656,-10.6756,1.21,3.5072,-13.6176,-20.9178,-10.1197,-8.8568,-7.5992,-11.2,0.037262,-0.0077581,-6.0402,-0.0083413,-0.0089395,-0.0067392,-0.0079732,-0.0064965,-9.2561,-0.010163,-10.1994,-0.011901
MY2693,37.6574,-11.5798,-37.8776,-39.2751,41.533,-137.6053,-93.2968,-11.5859,-16.4021,26.1283,-10.6042,-20.9478,35.1654,-11.0595,-38.7746,-34.1445,-11.6554,-11.2547,-9.119,-23.0092,-0.0029001,-4.0181,-0.0035778,-0.0048903,-0.0034243,-0.0031215,-0.0031137,-5.2517,-0.0055154,-7.6573,-0.0082956
MY2741,43.0896,-13.4248,-33.8469,-37.7722,48.0255,-207.9608,-52.2543,-10.6381,-27.5276,25.7528,-12.0852,-26.6644,31.0314,-12.3556,-21.9074,-30.384,-8.7026,-9.5611,-11.2069,-25.0645,-0.027925,-36.2278,-0.039797,-0.028797,-0.026433,-0.026738,-0.024948,-27.589,-0.030342,-30.7242,-0.034005
MY679,-11.1213,-7.7282,14.9079,0.47885,48.9533,-51.6049,-50.6627,-7.3267,35.2598,-26.2903,-6.1564,14.8753,-19.4622,-8.5259,15.9317,4.7356,-7.028,-4.3083,-6.0822,15.5804,-0.026377,-26.5366,-0.03533,-0.028243,-0.023818,-0.025351,-0.021817,-22.964,-0.032052,-26.9061,-0.037445
MY920,64.4061,-16.0485,-53.604,-55.8562,76.1982,-137.9609,-102.8148,-14.0794,-38.3149,66.5818,-12.8851,-38.8048,67.0678,-17.5672,-55.4739,-49.3787,-13.7272,-11.8684,-11.7682,-39.4912,-0.0033029,7.4651,-0.0010218,-0.0031854,-0.002549,-0.0039579,-0.0018737,-0.64045,-0.005805,-5.1425,-0.011976
N2,-5.6291,0.89333,0.060287,3.7033,-5.6328,5.5109,1.0631,0.51745,6.3275,-5.1414,0.76994,1.414,-4.7332,0.93651,3.5619,4.9569,0.4254,0.75016,0.76425,3.9241,-0.0058936,-5.1372,-0.0058416,-0.0077579,-0.0060432,-0.0060729,-0.0057185,-6.7057,-0.0080963,-7.9831,-0.0090329
NIC1,53.7972,-13.3075,-61.8322,-69.0536,69.619,-166.2839,-95.0897,-12.8778,-36.6295,37.2079,-14.3172,-48.4338,45.6555,-14.6517,-47.0099,-55.2278,-11.9032,-12.9459,-13.2097,-47.0748,-0.023892,-30.0357,-0.036404,-0.027023,-0.02458,-0.025047,-0.022963,-24.4272,-0.028832,-25.5564,-0.032126
NIC1107,-33.2781,-0.99678,43.6041,5.8605,-37.3697,15.0683,-10.5782,-4.0501,49.3211,-35.7442,-2.2086,27.4241,-33.9017,-1.1556,55.1577,14.7556,-2.4713,-1.4656,-2.2031,33.6479,-0.01068,-20.1529,-0.021525,-0.012125,-0.010063,-0.0089738,-0.0094922,-12.1599,-0.013359,-14.0506,-0.015388
NIC166,73.061,-10.7879,-66.5451,-100.3777,72.3447,-194.9461,-128.0959,-15.6891,-61.0289,44.5553,-13.6283,-76.9284,65.3086,-13.0574,-58.8748,-91.7705,-15.1845,-12.9688,-12.492,-71.9866,-0.024075,-19.6772,-0.027463,-0.029948,-0.027485,-0.025539,-0.025513,-21.5003,-0.03216,-26.0764,-0.035222
NIC195,64.4656,-17.9585,-56.6577,-79.2946,82.6713,-187.1258,-103.9419,-18.4002,-57.8636,52.191,-18.1725,-54.1985,59.0323,-18.1653,-49.456,-72.0851,-20.9184,-17.5833,-17.0415,-60.9777,-0.067019,-100.7418,-0.12041,-0.061506,-0.058236,-0.062617,-0.054592,-55.9037,-0.065813,-64.4202,-0.076759
NIC199,84.6243,-10.039,-84.2337,-41.6831,72.7602,-178.7933,-102.0655,-7.0522,-13.2195,68.8245,-6.5032,-26.1153,77.9207,-9.5468,-84.06,-36.4149,-4.5742,-0.52947,-8.1197,-28.8921,-0.019509,-24.3584,-0.032981,-0.019397,-0.015957,-0.01793,-0.014496,-15.7173,-0.021867,-20.0359,-0.02643
NIC2,40.9356,-16.9216,-32.7122,-61.1735,56.7637,-165.8986,-104.3331,-13.0279,-39.489,35.382,-12.4253,-43.9204,41.2375,-14.9699,-22.0152,-48.1503,-12.4814,-8.5874,-11.5344,-39.5426,-0.051655,-51.49,-0.061647,-0.054671,-0.052836,-0.054006,-0.049432,-47.5124,-0.057214,-53.3476,-0.064145
NIC207,38.4976,-15.1038,-16.6249,-70.7785,59.4828,-105.3478,-91.2378,-18.5295,-30.3329,15.1313,-18.0921,-36.2867,28.4652,-15.5655,-5.9556,-58.4599,-17.9275,-15.7377,-16.4063,-34.1983,-0.034693,-50.3903,-0.056812,-0.032251,-0.030133,-0.032328,-0.028136,-30.4067,-0.034149,-33.2078,-0.036937
NIC231,136.0633,-19.0621,-127.9439,-111.2399,130.9223,-212.9342,-114.8271,-22.498,-95.7015,115.7595,-20.8443,-95.3717,115.613,-16.5608,-108.4696,-99.9402,-21.8335,-18.7311,-18.8014,-99.9398,-0.016008,-30.6489,-0.030002,-0.021482,-0.016464,-0.015215,-0.015415,-23.313,-0.023846,-26.0041,-0.026369
NIC236,54.7083,-17.7453,-58.4635,-65.7448,55.5977,-158.4588,-99.118,-18.7294,-41.7134,45.9376,-17.1248,-44.0126,51.2915,-16.7766,-53.7845,-54.3987,-16.7618,-16.5508,-17.2535,-44.8038,-0.051853,-51.2803,-0.059728,-0.057703,-0.053308,-0.054379,-0.049246,-51.5933,-0.06076,-55.6593,-0.065457
NIC242,66.6912,-20.0155,-78.2418,-93.6299,71.3299,-109.5266,-102.3504,-21.4862,-39.311,41.1954,-17.1925,-51.7844,57.5504,-17.9835,-65.4153,-79.5688,-19.9095,-18.5013,-15.1682,-57.3232,-0.025686,-20.8111,-0.018113,-0.028141,-0.02478,-0.02579,-0.023709,-30.4322,-0.030757,-36.6542,-0.037809
NIC251,76.3183,-13.5562,-99.463,-77.7798,50.271,-178.2655,-61.8623,-8.3928,-78.3081,71.896,-7.8091,-68.4632,75.3411,-9.1148,-94.3462,-83.8331,-8.4452,-9.1564,-6.7141,-66.5142,-0.028683,-36.6384,-0.042347,-0.029396,-0.027812,-0.028986,-0.025298,-27.1199,-0.031559,-31.651,-0.036822
NIC252,174.8096,-8.6966,-222.3408,-91.9541,190.8303,-348.3598,-98.0488,-6.5669,-111.4993,145.1013,-8.6728,-90.6613,160.7942,-7.4607,-212.4707,-91.1145,-5.4748,-5.9739,-7.115,-85.0085,-0.051067,-33.3017,-0.048622,-0.04963,-0.044411,-0.048869,-0.043978,-38.7781,-0.053408,-41.6088,-0.057942
NIC255,62.5087,-11.609,-72.2682,-68.4528,72.2862,-170.7365,-95.5457,-10.3868,-54.9546,59.0135,-8.1455,-46.1587,53.4182,-11.5328,-56.688,-52.9636,-8.805,-7.4187,-10.1182,-51.1658,-0.057761,-77.086,-0.094618,-0.049705,-0.047447,-0.052929,-0.044227,-44.0456,-0.052746,-48.9553,-0.058637
NIC256,77.7461,-17.6026,-76.8545,-74.082,75.8333,-125.2499,-96.7139,-14.6293,-57.4357,66.0423,-14.8759,-59.9433,70.9803,-17.0664,-76.9312,-67.5745,-14.5798,-13.0614,-15.0869,-60.1921,-0.023396,-19.1834,-0.026876,-0.02515,-0.023475,-0.024756,-0.021781,-20.3739,-0.027022,-23.5188,-0.031359
NIC258,28.4535,-3.2464,-31.1754,-24.0244,21.5726,-61.8059,-19.8604,-2.4636,-18.5434,22.2455,-3.6142,-23.9145,35.9964,-3.7522,-30.8563,-29.8215,-2.6289,-2.4419,-3.7446,-22.1813,-0.0030224,-8.1664,-0.0042302,-0.0058257,-0.0036785,-0.0025021,-0.0033477,-6.7555,-0.0069232,-7.6943,-0.0077863
NIC259,117.8475,-18.8099,-143.9573,-132.1958,147.8147,-230.5175,-97.6555,-18.5136,-113.2187,104.7134,-19.0722,-115.4143,116.6567,-16.8566,-139.4196,-128.78,-17.255,-17.05,-14.7878,-116.4168,-0.057044,-84.8875,-0.089368,-0.047095,-0.04418,-0.049495,-0.041567,-50.3615,-0.050369,-56.9575,-0.056915
NIC260,-58.1809,-7.4246,58.1152,16.0268,-48.0168,42.265,-20.5793,-4.1689,50.6604,-65.5987,-2.167,42.9821,-58.2083,-5.8235,58.3095,27.6632,-3.8802,-1.3905,-3.5302,38.0792,-0.022914,-31.6689,-0.029388,-0.024562,-0.023136,-0.023126,-0.021992,-26.4676,-0.026401,-32.1797,-0.032404
NIC261,117.4825,-17.7913,-131.5409,-121.9135,118.8656,-205.7964,-133.7995,-20.0295,-115.1088,106.9884,-18.4416,-120.7659,110.0532,-17.0554,-113.6698,-120.2892,-21.4621,-20.0645,-17.2124,-115.1458,-0.030897,-32.0752,-0.043122,-0.03159,-0.02885,-0.029799,-0.027069,-28.7447,-0.035489,-35.6945,-0.04407
NIC262,66.4586,-7.0031,-59.1037,-42.978,68.6609,-145.6261,-57.7307,-8.1095,-38.5989,56.0068,-8.7077,-38.924,62.8209,-7.6007,-63.186,-42.7494,-6.8123,-8.0292,-9.4566,-35.149,-0.0074515,-11.6888,-0.013221,-0.0089639,-0.006969,-0.0069755,-0.0063679,-9.2395,-0.010479,-12.1287,-0.013951
NIC265,56.3626,-12.3126,-56.2971,-64.4851,52.8084,-79.267,-82.3021,-13.3889,-22.675,40.148,-13.4661,-33.7484,48.7649,-11.9228,-49.6392,-54.5536,-12.8534,-11.1893,-11.9588,-35.4432,-0.029291,-28.2201,-0.03282,-0.029393,-0.028332,-0.029838,-0.02655,-25.2164,-0.029854,-27.3485,-0.032396
NIC266,74.4898,-9.8524,-80.7931,-89.8313,78.7967,-80.104,-124.2626,-14.5746,-36.3841,46.7964,-11.967,-59.0096,63.9102,-10.0066,-71.3614,-81.2207,-13.9936,-12.9367,-11.3053,-60.6072,0.0020829,1.0349,0.0028571,-0.00072526,0.0012426,0.0022013,0.0017392,-2.4213,-0.001936,-5.4675,-0.0055078
NIC267,104.1353,-23.825,-111.5009,-125.9395,94.1833,-192.2286,-144.7581,-22.394,-99.6337,88.4281,-22.19,-106.2799,98.8619,-22.8778,-109.5382,-129.633,-22.3529,-20.6023,-21.6243,-103.948,-0.024204,-25.843,-0.015734,-0.024368,-0.020871,-0.023566,-0.018461,-32.4707,-0.027597,-34.9496,-0.032661
NIC268,184.5864,-20.4736,-190.1974,-124.3558,191.1544,-417.5808,-131.2026,-18.1863,-136.3861,153.9316,-18.6424,-110.8985,176.5068,-18.6827,-185.6578,-122.651,-16.3701,-12.891,-16.767,-123.5655,-0.14455,-151.1488,-0.18797,-0.12666,-0.1203,-0.13356,-0.11045,-107.6388,-0.13363,-119.6859,-0.14901
NIC269,21.1882,-0.050856,-31.2762,-13.0975,25.2969,-131.347,-17.9026,-4.8908,-13.5706,6.2307,-2.6649,-17.9096,11.4124,-1.4729,-23.1903,-10.0887,-5.7982,-9.2592,-3.9728,-17.0814,-0.032629,-46.3642,-0.064841,-0.01524,-0.016748,-0.023764,-0.016308,-11.6623,-0.016824,-15.2011,-0.02192
NIC271,86.9186,-18.3736,-100.6492,-115.4903,109.1682,-139.415,-168.3564,-16.2389,-44.9893,57.1253,-18.0139,-71.2093,74.3055,-18.9788,-95.6787,-98.3807,-13.5138,-9.1531,-16.8276,-77.161,-0.014964,-26.1254,-0.016731,-0.025045,-0.019935,-0.016952,-0.018331,-23.4399,-0.027263,-27.4118,-0.031596
NIC272,81.7228,-15.0679,-58.4909,-66.7855,70.7997,-66.2826,-114.1269,-16.849,-16.7094,55.1093,-14.1238,-28.5746,66.5155,-14.5623,-46.8156,-48.6378,-17.2163,-15.8042,-13.9037,-30.5979,-0.022653,-24.7092,-0.017046,-0.021218,-0.021253,-0.022529,-0.019856,-23.2873,-0.02179,-24.4585,-0.024962
NIC274,51.6706,-9.9566,-17.2577,-54.7415,56.3503,-128.3322,-76.0534,-12.2137,-49.4962,43.4801,-12.313,-43.5327,46.3494,-9.7468,-23.0139,-47.8559,-12.94,-12.3689,-9.8448,-46.4588,-0.047995,-45.376,-0.058011,-0.049698,-0.048097,-0.048574,-0.044481,-43.8196,-0.053553,-50.0963,-0.060763
NIC275,45.6236,-9.9814,-54.1673,-56.1393,55.6119,-116.7192,-84.0252,-9.4026,-19.1848,40.7109,-8.9375,-39.717,41.9904,-9.1722,-46.439,-48.4868,-9.6713,-7.5552,-8.8115,-37.3143,-0.020225,-25.7199,-0.023483,-0.02499,-0.021104,-0.020231,-0.019474,-25.4298,-0.028509,-28.792,-0.036917
NIC276,71.3795,-9.8201,-56.554,-92.766,90.6117,-95.9691,-135.6247,-13.5403,-28.745,42.8969,-14.4778,-48.4865,58.0498,-12.4379,-46.3271,-75.8042,-15.4892,-13.1734,-15.4445,-47.7698,-0.080758,-86.7374,-0.093624,-0.085028,-0.07976,-0.080989,-0.073836,-79.3775,-0.088913,-83.4175,-0.094317
NIC277,108.3365,-26.4803,-94.0224,-137.407,124.0811,-221.6987,-204.3482,-23.8852,-100.9547,76.3395,-23.4473,-107.4412,95.132,-24.8106,-93.1556,-126.0871,-22.7026,-22.3949,-23.9842,-104.7031,-0.04327,-50.815,-0.064938,-0.043751,-0.038222,-0.03943,-0.035463,-39.3407,-0.049103,-48.7063,-0.058473
NIC3,27.6354,-6.2359,-50.4343,-39.0941,18.8506,-117.8277,-43.7475,-6.0837,-18.1705,20.4966,-5.6547,-32.2105,24.3746,-5.3713,-42.1571,-32.8905,-6.8902,-3.4763,-5.8069,-34.6481,-0.026452,-26.3879,-0.037147,-0.030244,-0.026917,-0.028025,-0.024028,-22.9651,-0.032328,-25.1646,-0.03569
NIC513,113.7057,-14.7212,-114.5917,-119.6632,116.9748,-158.9617,-135.7864,-20.2588,-92.1776,85.6425,-17.8793,-92.3031,103.5809,-14.5997,-110.601,-106.932,-22.0801,-23.4703,-18.6104,-81.3247,-0.06393,-70.972,-0.096797,-0.042722,-0.041145,-0.051725,-0.037708,-33.8875,-0.044842,-38.7991,-0.051237
NIC514,85.3199,-15.5903,-60.0275,-74.0492,82.7138,-188.7299,-81.2993,-16.7239,-48.905,67.6436,-13.614,-49.2559,76.2816,-14.7721,-53.6811,-61.6126,-16.8136,-14.9429,-13.9921,-47.6969,-0.071203,-62.2944,-0.077596,-0.07372,-0.067626,-0.069943,-0.062597,-63.8145,-0.078852,-73.8618,-0.090965
NIC522,60.7413,-6.1867,-51.6128,-63.5156,71.4053,-113.2851,-115.5108,-11.149,-23.0386,40.8311,-10.1383,-35.3954,59.2175,-8.6548,-50.6363,-50.8383,-11.5488,-11.1633,-10.3267,-36.6463,-0.01229,-14.0728,-0.014482,-0.01819,-0.015268,-0.014032,-0.014443,-18.2407,-0.019853,-22.0419,-0.024031
NIC523,40.2726,-4.5056,-46.6436,-46.9788,48.8801,-122.8585,-77.3499,-5.7047,-45.1429,40.3903,-5.0058,-41.1318,36.3521,-4.2021,-44.4342,-44.0284,-5.9188,-4.182,-4.76,-42.5919,-0.037406,-25.9572,-0.037324,-0.041059,-0.037485,-0.038884,-0.034791,-31.7322,-0.043233,-36.5334,-0.049009
PB303,-27.2448,-3.4945,14.2374,21.9533,-20.7868,2.6749,-21.2938,1.0521,37.7701,-20.3022,0.022451,32.7728,-26.8884,-2.817,14.8635,30.2288,1.5254,4.6943,-0.089876,32.5374,-0.040871,-43.3502,-0.045952,-0.049932,-0.043155,-0.042128,-0.039713,-46.4707,-0.055059,-53.2883,-0.06307
PS2025,36.5276,-5.6611,-53.2011,-49.1268,49.7561,-14.8301,-111.5695,-6.6082,23.1057,12.4901,-4.8928,-4.4888,35.5171,-6.5725,-39.4153,-30.9695,-5.736,-5.159,-7.334,-5.6106,-0.029311,-35.8736,-0.047007,-0.014619,-0.014901,-0.020694,-0.013873,-11.4404,-0.015542,-12.9823,-0.017664
PX179,92.8393,-18.4174,-72.2823,-98.7024,93.3168,-249.2729,-132.0125,-22.9723,-50.5871,64.8851,-19.7715,-64.6057,85.002,-18.069,-57.5122,-84.4415,-19.7974,-14.3925,-18.4306,-69.2073,-0.0079658,-19.5787,-0.024642,-0.0083102,-0.0067394,-0.0069679,-0.0058557,-6.6607,-0.0094031,-7.0489,-0.010038
QG2075,81.4878,-7.8063,-87.7882,-73.8141,105.89,-177.1962,-102.0411,-8.8013,-38.9824,53.8665,-7.2642,-43.5059,73.2624,-7.0235,-78.9452,-60.922,-7.8831,-8.3581,-7.2398,-46.4862,-0.044179,-44.3793,-0.060314,-0.038774,-0.03532,-0.040071,-0.032896,-31.2665,-0.041636,-34.4526,-0.045875
QG536,115.521,-14.2755,-126.4451,-120.1973,127.0002,-305.2827,-164.9889,-17.2688,-72.0489,84.5893,-16.8672,-91.4642,96.1902,-15.1107,-111.5361,-103.476,-14.4077,-13.4706,-17.4088,-89.7009,-0.065701,-89.7199,-0.097707,-0.06587,-0.061808,-0.06507,-0.057002,-64.3056,-0.069135,-69.0966,-0.074379
QG556,39.8389,-9.0862,-56.1953,-42.7762,57.0076,-178.7332,-52.7916,-16.5018,-24.4634,30.9343,-12.6326,-35.4115,39.2676,-11.9882,-47.2296,-42.3952,-14.532,-15.5642,-13.6113,-41.6838,0.0040432,3.7185,0.0052296,-0.00032241,0.00090492,0.002839,0.00081532,-0.80392,-0.0010539,-0.69035,-0.00072855
QG557,82.4971,-23.021,-91.7101,-60.887,76.3088,-209.1844,-69.1972,-19.9113,-61.5031,73.3009,-20.3188,-47.9744,78.5383,-22.1483,-71.6853,-61.4988,-14.3157,-12.7477,-19.0727,-61.108,-0.048095,-52.9536,-0.069624,-0.0273,-0.027421,-0.037629,-0.025825,-22.3017,-0.028968,-25.9715,-0.033609
QW947,33.2963,-21.4304,-25.8559,-58.429,34.1756,-115.8111,-87.884,-20.6935,-40.8449,19.8932,-19.6367,-42.0446,25.0837,-19.3204,-22.5301,-51.5794,-20.0362,-17.1225,-18.8431,-40.3853,-0.022908,-21.106,-0.016523,-0.023458,-0.022015,-0.02317,-0.02005,-27.4868,-0.024229,-33.571,-0.030343
QX1212,-15.6445,-0.025589,26.7259,3.3617,-3.4645,-6.8182,-31.7303,-0.16103,28.4209,-31.1011,0.12624,21.6877,-21.9992,-1.106,32.4381,11.51,0.18653,2.3992,0.20285,23.584,-0.012338,-16.2577,-0.01468,-0.016883,-0.014534,-0.013166,-0.014337,-16.7126,-0.017958,-18.869,-0.02025
QX1233,80.3105,-10.8144,-62.5323,-64.6602,69.2032,-125.1907,-69.5225,-9.3038,-56.5201,71.9596,-11.2865,-61.506,72.5299,-10.5565,-70.8761,-67.2468,-6.9849,-6.6412,-11.0696,-61.3398,-0.054514,-70.3942,-0.082043,-0.055288,-0.050707,-0.052525,-0.047145,-50.0041,-0.06001,-56.0474,-0.067114
QX1791,67.0356,-5.1544,-40.1476,-35.4991,85.202,-114.5236,-54.313,-8.318,-21.8326,51.5225,-6.8619,-26.7,50.2577,-5.3292,-39.2693,-25.1237,-7.6611,-8.1188,-4.7658,-25.7822,-0.04276,-37.1379,-0.050574,-0.046025,-0.041822,-0.043817,-0.038442,-37.5544,-0.050176,-42.9965,-0.057696
QX1792,54.355,-15.7904,-42.579,-65.7337,78.1872,-193.9077,-91.9754,-12.8496,-39.5135,39.8951,-13.3873,-43.4129,47.4975,-14.6181,-28.6192,-55.4275,-11.4726,-7.7308,-14.7807,-43.8108,-0.016117,-34.2346,-0.036782,-0.013806,-0.011806,-0.01282,-0.010778,-15.9967,-0.016005,-20.0282,-0.019951
QX1793,77.2504,-8.6301,-43.04,-48.1218,64.8265,-123.0564,-59.9857,-8.3471,-1.3109,49.9375,-10.0486,-37.4996,66.9678,-10.03,-36.8768,-45.5177,-9.7858,-6.6877,-9.9427,-35.2083,0.025033,33.842,0.039544,0.016673,0.019658,0.022054,0.018848,13.0804,0.0157,11.5159,0.014138
QX1794,39.8607,-6.6584,-50.9974,-56.4561,32.2112,-75.7863,-84.4586,-6.6139,-18.7877,25.958,-5.7266,-33.0667,38.1634,-5.3033,-36.6424,-45.6691,-5.461,-5.3965,-5.5605,-36.8642,0.0043001,6.5475,0.0089916,0.0037,0.0041782,0.004246,0.0045712,1.9271,0.0014324,-2.5583,-0.0043865
RC301,40.3223,-9.1515,-53.465,-58.9868,17.7933,-144.8461,-58.3542,-8.1622,-38.9354,37.9377,-7.6992,-44.8796,38.5937,-10.336,-43.6996,-55.0253,-7.7937,-7.1752,-8.0733,-48.975,-0.046921,-75.7312,-0.09022,-0.043485,-0.04036,-0.043471,-0.037749,-38.0153,-0.046315,-42.2583,-0.051278
WN2001,60.9415,-9.8378,-98.6047,-64.8313,112.4678,-269.4224,-76.7666,-14.5478,-61.4645,59.8291,-13.4822,-71.5112,54.4636,-9.1787,-94.6388,-68.8145,-13.7121,-17.0445,-9.8003,-66.8487,-0.10081,-131.6493,-0.14377,-0.10017,-0.092455,-0.096553,-0.085718,-99.5458,-0.10785,-112.6465,-0.12196
WN2002,1.2152,-8.3656,6.8699,-6.5728,10.0502,-63.9916,-44.3935,-7.114,9.5298,5.5636,-8.461,5.8334,3.5728,-7.7855,9.2467,1.0323,-5.202,-4.2017,-9.1112,2.8302,-0.024281,-27.5446,-0.039285,-0.024405,-0.022055,-0.022885,-0.0201,-18.8648,-0.028315,-22.6455,-0.034652
WN2033,12.1678,-8.9068,-31.2592,-30.4672,45.5296,-126.459,-64.9704,-7.4374,-34.5401,15.8823,-7.9162,-27.2909,10.2765,-7.0945,-30.4622,-21.6261,-7.6641,-6.9616,-7.7868,-33.6759,-0.059263,-67.4131,-0.070545,-0.060026,-0.057662,-0.060352,-0.053862,-59.2762,-0.062653,-64.1436,-0.066964
XZ1513,-7.6593,-4.5322,19.5242,14.9407,-48.5677,6.816,-3.1103,-1.8536,55.3478,-24.4112,-3.1748,36.1062,-16.6335,-5.5905,17.9643,21.946,-3.1735,0.35334,-3.0344,35.0768,-0.0046644,-7.6297,-0.0093881,-0.0030554,-0.0023724,-0.0031541,-0.0019645,-4.6407,-0.0036827,-7.3636,-0.0067785
XZ1514,-10.3338,0.34956,12.7189,1.7749,-22.9389,30.7318,3.7459,-0.029574,19.4727,-19.0504,3.1098,19.7058,-7.3599,-0.15102,8.6109,-0.34283,-0.50865,-0.34583,2.4231,4.53,0.025994,22.3857,0.02315,0.028012,0.03282,0.028972,0.028742,21.7711,0.023349,16.4307,0.016713
XZ1516,84.5687,-6.246,-98.009,-58.296,86.7383,-186.174,-56.7631,-11.9363,-49.12,64.5892,-9.4824,-55.6887,80.7384,-6.7537,-88.1148,-58.9093,-14.7262,-13.202,-10.4188,-50.2934,-0.041779,-59.8029,-0.066026,-0.025188,-0.025284,-0.033186,-0.022668,-22.9523,-0.025563,-25.0724,-0.028098
