strain,blob_box_width_w_forward_IQR_medianDiff,blob_quirkiness_w_forward_10th_medianDiff,d_blob_box_width_w_forward_10th_medianDiff,d_blob_box_width_w_forward_IQR_medianDiff,d_blob_hu0_w_forward_10th_medianDiff,d_blob_hu0_w_forward_50th_medianDiff,d_blob_hu0_w_forward_90th_medianDiff,d_blob_hu1_w_forward_50th_medianDiff,d_blob_quirkiness_w_forward_10th_medianDiff,d_blob_quirkiness_w_forward_50th_medianDiff,d_blob_quirkiness_w_forward_90th_medianDiff,d_dist_from_food_edge_w_forward_IQR_medianDiff,d_path_curvature_body_w_forward_abs_10th_medianDiff,d_path_curvature_head_w_forward_abs_10th_medianDiff,d_path_curvature_tail_w_forward_abs_10th_medianDiff,d_quirkiness_w_forward_50th_medianDiff,dist_from_food_edge_w_forward_50th_medianDiff,dist_from_food_edge_w_forward_IQR_medianDiff,motion_mode_forward_duration_50th_medianDiff,motion_mode_forward_fraction_medianDiff,orientation_food_edge_w_forward_10th_medianDiff,orientation_food_edge_w_forward_90th_medianDiff,orientation_food_edge_w_forward_IQR_medianDiff,relative_to_body_radial_velocity_neck_w_forward_50th_medianDiff
AB1,0.32383,0.00058053,-3.4104,1.5827,-0.0069886,0.00018906,0.0053986,0.0014703,0.0011354,0.00058142,0.0010583,27.0168,-8.3148e-06,-9.0936e-05,-3.6943e-05,0.0004161,313.0509,614.1302,-0.14,-0.10254,-8.8182,6.244,19.8179,0.36388
BRC20067,6.6401,-0.012868,-3.598,3.181,-0.0099136,0.00094846,0.010891,0.0018556,-0.0059012,3.6368e-05,0.0058612,27.8417,-3.3376e-05,-0.00041384,-0.00015884,3.645e-05,465.2384,563.0939,-2.51,-0.1806,-4.7798,3.0393,17.0838,0.2271
CB4852,6.8036,-0.0035054,-8.9634,7.4593,-0.014937,-0.0001247,0.010817,0.00095686,-0.0033951,0.00046426,0.0031507,44.1035,-1.6294e-05,-1.6296e-05,3.5602e-05,0.00031397,802.9231,444.9965,0.04,0.0040478,-7.1486,0.64822,21.0492,0.56172
CB4854,2.8239,-0.0060829,-4.8429,3.51,-0.0058914,0.00020647,0.0042596,0.00041369,-0.0039599,0.000217,0.0027351,35.9749,-1.6538e-05,-0.00028741,-0.00010837,0.00012805,16.6928,160.9983,-0.76,-0.17319,-9.4027,7.0422,20.2149,0.099098
CB4856,3.9445,-0.013369,-3.9621,3.6564,-0.0094423,0.00078059,0.0083547,0.0015208,-0.0063069,0.00042412,0.0054583,27.8703,-2.2625e-05,-0.0004202,-0.000221,0.00028368,214.3239,309.0959,-3.92,-0.14245,-5.4719,4.5227,13.4978,0.25009
CB4932,2.6656,-0.012893,-6.8426,4.3659,-0.0093661,0.0012338,0.0067224,0.0012663,-0.0057516,0.00028741,0.0065084,25.4387,-1.6015e-05,-0.0003204,-0.00011476,0.00027606,761.9647,583.1871,-1.8,-0.21638,-6.1667,5.287,18.642,0.33032
CX11254,5.1544,-0.0087351,-7.7116,6.219,-0.010269,0.00062995,0.012416,0.0032889,-0.0038968,0.00060601,0.0031401,34.6271,-7.093e-06,-6.2095e-05,-8.7644e-05,0.00028778,164.4058,153.2231,-1.72,-0.037394,-8.8385,2.3148,20.9674,0.41067
CX11262,4.176,-0.014893,2.0208,-0.07344,-0.0007274,0.00083223,0.0020463,0.0021683,-0.0022369,1.1735e-05,0.0023628,-19.6649,-2.1392e-05,-0.00044876,-0.00021055,6.6834e-05,288.2332,-402.6777,-7.82,-0.053947,-0.59601,4.7273,4.8016,0.1039
CX11264,3.5938,-0.0067479,1.0296,0.75724,-0.0016044,0.00010226,0.0036492,0.000954,-0.0016415,0.0001248,0.0015425,-5.5092,-1.9166e-05,-0.00051511,-0.00017103,0.00010617,160.118,227.9482,-2.76,-0.076765,-3.2099,4.175,4.973,-0.054892
CX11271,0.50317,-0.028383,-2.3404,3.09,-0.021709,0.0018205,0.021717,0.0031823,-0.012076,0.00045635,0.0093687,25.5942,-2.2935e-05,-9.5185e-05,-0.00013091,0.00038103,566.541,706.1899,-2.12,-0.12043,-6.4672,5.8429,18.4145,0.37089
CX11276,3.2199,-0.018295,-2.9543,0.15527,-0.011946,0.00087582,0.011707,0.00069413,-0.0038212,0.00018356,0.0048023,21.5497,-3.3241e-05,-0.00054138,-5.7354e-05,6.6973e-05,374.6141,482.9305,-1.96,-0.095099,-4.9398,7.5814,19.8952,-0.048353
CX11285,5.0024,-0.021586,0.93968,0.71955,0.0025855,0.0015731,0.001087,0.0014668,-0.0075904,0.00033579,0.0087033,-21.87,-3.6736e-05,-0.00047398,-0.0003014,0.00024358,-182.5789,56.7252,-2.01,-0.13224,-2.2024,2.952,9.5604,-0.0021091
CX11292,2.3468,-0.0078393,-3.1174,2.962,-0.009713,0.00073332,0.0070808,0.0024846,-0.0042476,0.00052135,0.0041692,35.9895,-1.5896e-05,-0.00036417,-0.00018357,0.00040712,493.1134,692.842,-1.3,-0.17371,-10.6676,8.9775,23.5232,0.44047
CX11307,4.3402,-0.01891,-4.8918,2.9318,-0.016039,7.404e-05,0.015372,-0.00042254,-0.0123,0.00039358,0.010039,18.5542,-9.0521e-06,-0.00024746,-6.3369e-05,0.00041182,173.6084,92.0802,-1.6,-0.076511,-7.3236,0.6861,18.3797,0.26838
CX11314,4.2293,-0.014065,-7.0415,5.7191,-0.010071,0.001285,0.010075,0.0018103,-0.0076251,0.00055935,0.0067371,39.2026,-2.125e-05,-0.00021528,-0.00016176,0.00034499,435.9121,574.4913,-2.44,-0.12523,-10.1197,7.1349,24.3579,0.43754
CX11315,3.4004,-0.011278,-7.8136,4.0622,-0.018431,0.0010602,0.018671,0.0025969,-0.007487,0.00035763,0.0081903,55.8325,-3.4202e-06,-8.8443e-05,-1.6177e-06,0.00016308,427.2018,420.739,-1.8,-0.047377,-12.2713,5.4469,23.1359,0.36096
DL200,6.6704,-0.021602,-1.1446,1.5439,-0.0030166,0.00061169,0.001594,0.00075568,-0.004462,0.0001573,0.0042107,-11.9115,-2.6663e-05,-0.0004992,-0.00025035,6.4667e-05,119.7621,-369.6586,-3.64,-0.16806,-0.31549,2.6834,-2.299,0.0089602
DL226,7.3005,-0.014275,-5.1156,3.9193,-0.0037447,0.00048298,0.0053207,0.00069053,-0.0042606,0.00028294,0.003196,6.8737,-1.6578e-05,-0.00044209,-0.00012882,0.00026034,757.5067,85.0159,-7.22,-0.17126,-1.1575,1.6003,4.7343,0.13355
DL238,4.7584,-0.013889,-9.2433,5.7079,-0.018836,0.00067027,0.01725,0.0016141,-0.011698,0.00063526,0.011237,42.6768,-2.6993e-05,-0.00014702,-3.3016e-05,0.00037895,-3.7125,53.3694,-3.33,-0.10521,-4.3352,3.6771,9.6159,0.37518
ECA246,2.8449,0.0020717,-5.1546,3.7208,-0.0087487,0.00052117,0.0089405,0.0014244,-0.003894,0.0005309,0.0034025,21.1771,-1.5719e-05,-0.00035434,-0.00024299,0.0003574,297.639,471.2399,-1.69,-0.098535,-1.7441,3.3619,13.5153,0.41083
ECA248,1.0158,0.00010015,-4.5759,0.5324,-0.0094922,0.00067297,0.01006,0.0034843,0.00077764,0.00050515,0.000997,40.8694,-3.7006e-05,-0.00025631,-1.3356e-05,0.00030247,571.4453,1088.8174,0.48,-0.11451,-20.4819,10.6712,29.428,0.52904
ECA250,8.7837,-0.013709,-3.0893,4.5603,-0.0040688,0.00065574,0.0029171,0.0015122,-0.0064152,0.00034049,0.0040832,45.0749,-1.0648e-05,-0.00030957,-0.00026911,0.00032681,691.1538,1062.3706,-3,-0.15145,-5.5281,9.5098,19.0865,0.38001
ECA251,3.0704,-0.020747,-4.7035,3.6537,-0.0042275,0.00081696,0.00645,0.0012868,-0.0028361,0.00030594,0.0029528,57.0004,-3.4594e-05,-0.00035309,-0.00025213,0.00027118,926.128,1490.112,-1.72,-0.16096,-15.2564,10.9708,36.542,0.52171
ECA252,10.8433,-0.018495,-0.89796,0.76637,-0.0020595,0.00027195,-0.001162,0.00047518,-0.0081855,-5.1036e-05,0.0065483,7.2053,-3.1443e-05,-5.271e-05,-5.9626e-05,-0.00010007,405.9655,87.3347,-1.1,-0.084781,-2.7402,5.0205,14.0326,0.090213
ECA259,6.1546,-0.020528,-6.2063,2.7792,-0.010243,0.0001004,0.0085528,0.00056708,-0.0073183,0.00029448,0.0073754,33.554,-2.1877e-05,-0.00051999,-0.00022748,0.00036698,330.5461,295.4031,-4.96,-0.082812,-2.0165,1.1476,0.61361,0.27742
ECA348,4.6127,-0.0086834,-8.5111,7.8715,-0.0069476,0.00047116,0.0050631,0.001389,-0.0091472,0.00070008,0.0076388,30.8208,-1.2716e-05,-0.00023889,-0.00014196,0.00041749,314.8239,-191.8921,-1.64,0.075433,-11.0168,-2.5997,11.3006,0.18917
ECA349,0.84913,-0.0052714,-7.2505,5.9149,-0.0050524,4.191e-05,0.0033952,0.0005336,-0.0043316,0.00039618,0.0022722,45.6538,-1.843e-06,3.4909e-05,-3.9493e-05,0.00022819,519.9665,1417.5806,-0.52,-0.080506,-9.1132,8.6522,27.0975,0.14998
ECA36,7.257,-0.020301,-3.6138,3.2522,-0.011899,0.0014402,0.013977,0.0023579,-0.0097942,0.00041146,0.009626,-7.8424,-2.651e-05,-0.00083745,-0.00057376,0.00019007,153.0133,126.1514,-7.96,-0.15809,-0.39194,1.3345,4.7135,0.30719
ECA363,2.8374,-0.023435,-1.4455,0.30646,0.00015259,0.0006659,-0.0027353,0.0010372,-0.006484,5.8115e-05,0.0084162,-1.9817,-2.8549e-05,-0.00084814,-0.0004032,4.8281e-05,-354.9961,333.5896,-7.04,-0.12995,-2.1287,5.2987,11.2961,-0.25441
ECA372,-0.30717,-0.0059196,-5.0003,3.0836,-0.0091967,-1.3178e-05,0.0083933,0.0007866,-0.0052737,0.00043092,0.0045933,43.2993,-5.1962e-06,-4.2607e-05,6.511e-05,0.00033511,703.4123,1006.6797,-1.3,-0.12336,-8.089,2.2244,16.9093,0.33869
ECA396,5.2413,-0.028433,-2.2501,-0.3439,-0.0018452,0.00013867,0.0017989,-0.00099973,-0.0068347,-0.00021681,0.0080419,-21.8749,-5.0608e-05,-0.0012713,-0.0005553,-0.00025556,456.7086,515.2289,-3.32,-0.16814,0.71703,1.35,2.619,-0.080199
ED3005,2.5546,-0.008158,-4.3298,4.5924,-0.008611,0.00059363,0.010892,0.00068154,-0.0040318,0.00047749,0.0028483,64.0389,-2.9415e-05,-0.00021226,-8.8997e-05,0.00037954,471.955,539.5901,-0.4,-0.14099,-7.4657,13.4521,30.7175,0.20722
ED3011,9.7719,-0.009298,-6.6072,6.6868,-0.0099474,0.00055041,0.0071377,0.00036056,-0.0082402,0.00056941,0.0061069,18.7463,-1.6486e-05,-0.00027677,-0.00010064,0.00026794,303.3683,976.3534,-3.7,-0.13399,-2.4685,7.5413,16.567,0.37289
ED3012,3.8812,-0.015139,-5.3663,2.9782,-0.0099815,0.0011658,0.0128,0.0025657,-0.0063583,0.00037383,0.0067893,32.293,-2.6752e-05,-0.00038175,-0.00014805,0.00033936,488.6418,843.5674,-2.58,-0.14521,-7.2438,4.532,19.3161,0.27723
ED3017,4.7168,-0.0095626,-5.5394,3.1048,-0.00789,0.00057053,0.0086317,0.0013704,-0.0032881,0.00049882,0.0030534,5.1182,-2.7413e-06,-0.00020872,-5.3057e-05,0.00045863,348.0978,347.3218,-3.12,-0.15877,-2.8155,4.4426,8.8467,0.006242
ED3040,3.9237,-0.0084327,-5.6843,4.1813,-0.0045665,0.0012547,0.0035947,0.0032529,-0.0018774,0.00032932,0.0020679,38.2944,-2.8947e-05,-0.00022176,-0.00011864,0.00030625,816.4088,189.5702,-1.92,-0.22365,-9.8172,7.8789,17.4086,0.23892
ED3046,1.9308,-0.0094908,-7.9273,4.2891,0.00013608,0.0012552,0.0020092,0.0030062,-0.002509,0.00065574,0.0025752,33.7269,-8.6259e-06,-1.7404e-07,-3.8425e-05,0.00042315,610.7009,1354.3502,0.12,-0.1725,-11.6122,4.8651,26.9778,0.28146
ED3048,4.9794,-0.024431,-6.6497,3.5294,-0.015873,0.00090185,0.014644,0.0017711,-0.0073869,0.0002929,0.006324,21.2491,-3.5437e-05,-0.00039753,-0.00016261,0.00016995,658.4958,735.0446,-3.2,-0.15396,-5.8356,4.6847,21.5855,0.097717
ED3049,5.969,-0.0046674,-2.51,3.1525,-0.0071872,0.00098571,0.009268,0.0019539,-0.0030354,0.00044648,0.0035264,34.1606,-1.8495e-05,-0.00019656,-8.2497e-05,0.00023977,550.6819,806.6376,-1.34,-0.1005,-10.7038,8.4349,22.9888,0.16868
ED3052,5.0175,-0.014192,-5.463,2.8564,-0.0093983,0.00048741,0.0080776,0.00069197,-0.0046904,0.00040084,0.0043342,53.7994,-4.001e-05,-0.00050793,-0.00019657,0.00020461,562.5856,777.9603,-1.3,-0.15416,-11.3481,3.3165,29.5688,0.41666
ED3073,0.95116,-0.0084151,-5.4548,4.3103,-0.011514,-3.4086e-05,0.012431,0.0015145,-0.0052947,0.00039805,0.0055695,40.9064,-1.415e-05,-6.2771e-05,-0.00010381,0.00028257,140.6174,130.9315,-1.08,-0.14388,-5.7829,3.3686,14.803,0.24258
ED3077,6.6312,-0.025164,1.0782,0.086665,-0.0098314,0.00091391,0.0081573,0.00018748,-0.0079465,0.00010049,0.0083638,-15.8345,-2.4327e-05,-0.00076503,-0.00034537,-5.9927e-06,392.2361,300.3525,-3.5,-0.25801,-1.2958,0.60983,10.9778,-0.015737
EG4347,2.4542,-0.01287,-7.4072,6.1845,-0.0033018,0.00098012,0.0054365,0.0024611,-0.0063216,0.00046305,0.0066286,48.4072,-2.0885e-05,-0.00031275,-0.00011852,0.00033925,502.0227,786.8486,-1.96,-0.21723,-3.8685,3.5915,24.199,0.39891
EG4349,1.638,-0.0083871,-6.1026,5.7436,-0.0050556,0.00041765,0.0038237,0.0019746,-0.0015448,0.00047609,0.0001918,42.1304,-1.3855e-05,-0.00011363,-2.9481e-05,0.0004049,571.2638,831.1245,-1.44,-0.17595,-12.3504,7.7773,28.987,0.41449
EG4724,3.2768,-0.016693,-2.1981,2.1425,-0.012909,0.00032149,0.010741,-5.9139e-05,-0.0023325,0.00036126,0.0012942,12.2623,-1.6432e-05,-0.00018456,-5.5529e-05,0.00018359,439.8501,627.248,-3.18,-0.13998,-2.9985,6.4531,11.4102,0.21336
EG4725,0.47127,-0.015057,-3.9394,2.9671,-0.01008,0.00026906,0.0094595,0.0010078,-0.0045333,0.00034766,0.0046906,27.9637,-2.0526e-05,-0.00030356,-6.4901e-05,0.000296,389.6127,563.1481,-3.03,-0.1353,-5.3464,0.7881,18.7982,0.21589
EG4946,2.7634,-0.014975,-10.4867,7.6847,-0.0096045,0.0013527,0.010919,0.0035017,-0.006011,0.00040643,0.006594,39.2671,-1.957e-05,-0.00015284,-8.7306e-05,0.00028188,314.1457,398.5057,-1.58,-0.16059,-5.4236,8.698,23.0152,0.3682
GXW1,7.5881,-0.022577,-10.1416,8.8473,-0.0027774,0.00049365,0.0035111,0.00089575,-0.012244,0.00056494,0.00927,17.1172,-2.4113e-05,-0.00045414,-0.00025766,0.00051879,793.5546,1503.0958,-3.04,-0.25192,-7.9792,6.7546,28.1998,0.37752
JT11398,2.9725,-0.008064,-5.6935,5.6807,-0.010132,0.00083488,0.010031,0.0024491,-0.0056408,0.00060555,0.0043589,20.3563,-1.8269e-05,-0.00011714,-7.3526e-05,0.00041313,697.0821,611.2462,-1.62,-0.15201,-4.4971,2.1429,16.6059,0.35199
JU1088,1.4451,0.00021403,-2.9409,2.8047,-0.0084505,0.0012595,0.0075252,0.0022069,-0.0052694,0.00032596,0.004211,27.0322,-3.2273e-05,-0.00036062,-0.00011656,0.00030888,720.2505,810.5784,-1.84,-0.10766,-9.1343,3.6291,18.4754,0.19643
JU1172,4.1436,-0.020721,-5.3509,3.305,-0.0080403,0.0010222,0.0076206,0.0029275,-0.0059147,0.00037421,0.0051691,12.4934,-1.5183e-05,-0.00046881,-0.00023609,6.6191e-05,244.299,421.0112,-2.64,-0.086234,-8.3558,2.6093,14.1717,0.28113
JU1200,5.4974,-0.0022608,-2.9935,3.3425,-0.010814,0.00016391,0.011461,0.00068755,-0.0069023,0.00033453,0.00459,31.2374,-8.2527e-06,-6.4497e-05,1.3038e-05,0.00034471,333.3617,215.7954,-3.56,-0.1455,-3.6557,4.458,13.834,0.15931
JU1212,12.5072,-0.025425,-10.7068,6.9241,-0.014353,0.0011716,0.015319,0.0026878,-0.009388,0.0005912,0.0093326,40.824,-2.3843e-05,-0.0003516,-0.00010965,0.00042948,265.2293,566.9828,-1.24,-0.11233,-8.6081,8.3944,24.3003,0.45428
JU1213,5.9418,-0.009266,-4.5101,3.9426,-0.0089305,0.00061234,0.0083568,0.0014525,-0.0055295,0.00020098,0.0059369,42.0987,-3.3088e-05,-0.00046245,-0.00013537,0.00020088,606.9473,575.3098,-2.04,-0.17145,-6.2398,6.7626,26.5564,0.35878
JU1242,5.5145,-0.019826,-4.808,2.959,-0.0096088,0.0012943,0.010714,0.002502,-0.0076337,0.00057351,0.0070097,39.2879,-2.9026e-05,-0.00023803,-0.00012273,0.00043309,380.3911,699.4531,-1.08,-0.12573,-8.7744,7.3106,24.7901,0.41927
JU1246,-1.8811,-0.0049896,-0.2212,2.1359,-0.0023286,0.0013108,0.0035445,0.0022287,-9.4064e-06,0.00029365,0.0011034,23.1715,-2.1233e-05,-0.00028801,-0.00011954,0.00020553,452.5675,1003.7269,-2.88,-0.17178,-4.3282,4.5944,19.4162,0.13857
JU1395,3.0736,-0.0061718,-3.6508,2.5766,-0.0071309,0.0011181,0.0079163,0.0025734,-0.0035942,0.00039991,0.0042733,52.9788,-1.349e-05,-0.00017698,-3.3683e-05,0.0002746,475.5658,987.0939,-1.12,-0.14566,-5.4677,4.9705,18.8576,0.31159
JU1400,9.9007,-0.015639,-2.2899,1.1268,-0.0023826,0.001023,0.0043862,0.0012528,-0.0023215,-2.8685e-05,0.003143,21.7274,-2.5758e-05,-0.00052574,-0.00010427,4.45e-05,310.5587,440.2911,0.12,-0.043804,-8.9071,0.3899,15.2229,-0.086688
JU1409,0.23324,-0.012522,-9.9052,5.4124,-0.014415,0.001403,0.01352,0.0019792,-0.0085418,0.00036638,0.0068952,33.3934,-3.9179e-05,-0.00034909,-0.00010301,0.00030614,438.2835,440.1879,-3.08,-0.081321,-8.4559,3.0815,18.8442,0.35861
JU1440,9.1661,-0.0094769,-5.4469,2.8173,-0.0072368,0.0004435,0.0062775,0.0015186,-0.0043433,0.00029923,0.003946,11.9962,-1.8254e-05,-0.00030652,-0.00018145,0.00023931,112.3413,414.9792,-2.22,-0.20859,-1.5346,1.2905,13.0298,0.10627
JU1491,-0.82359,-0.018055,-6.6282,4.4537,-0.0087248,0.00063926,0.0099842,0.00195,-0.0075378,0.00048438,0.0081728,37.5075,-8.4145e-06,-0.00012784,-9.9904e-06,0.00033937,540.1604,962.7473,-1.44,-0.13293,-12.1749,2.3426,30.7469,0.37865
JU1530,5.1831,-0.006016,-4.093,3.0962,-0.0051705,0.0014968,0.0046841,0.0026672,-0.0042698,0.00050496,0.0041356,62.3432,-1.2594e-05,-0.0002025,-3.157e-05,0.00031959,561.6668,1217.3215,-0.64,-0.10636,-7.5075,7.8284,33.2387,0.48412
JU1543,3.1128,-0.0087491,2.4458,-2.7656,-0.0088174,-0.00084583,0.005676,-0.00071181,-0.003767,0.00022585,0.0010955,-12.9301,-2.086e-06,-0.00034247,8.1125e-06,0.00014573,-441.555,49.2991,-4.72,-0.16596,-1.4762,-6.8298,-8.059,0.099247
JU1568,-4.1394,0.0046502,-3.693,3.0186,-0.0087365,0.001399,0.010331,0.0036024,-0.00073282,0.00032028,0.0028165,22.2803,5.3326e-06,-2.8249e-05,-2.4931e-05,0.0002053,713.1874,879.5585,-2,-0.18121,-4.3055,3.5588,15.9406,0.15362
JU1580,-0.31958,-0.010608,1.7799,-0.027999,-0.0078166,0.0016035,0.0075976,0.0025164,-0.0032931,0.00038836,0.0025454,17.015,-1.4031e-05,-6.3949e-05,-7.2819e-05,0.00026531,465.0063,1091.7294,-2.08,-0.14321,-9.1879,4.3214,20.8725,0.16507
JU1581,8.4221,-0.019686,-4.1803,4.1562,-0.012868,0.0012856,0.013173,0.0019237,-0.0087214,0.00045104,0.0080571,9.7494,-2.6123e-05,-0.00043991,-0.00024282,0.00025886,663.428,404.7776,-4.24,-0.12431,-2.4426,2.7732,9.1509,0.38261
JU1586,4.6514,-0.020127,-5.1509,2.4347,-0.00437,0.00051437,0.0062658,0.0014978,-0.0042209,0.00039507,0.0053642,29.6753,-1.6166e-05,-0.0002944,-0.000149,0.00029791,408.2475,547.2009,-2,-0.15985,-4.3643,6.9535,23.2678,0.16336
JU1652,6.4593,-0.012497,-6.6194,3.8637,-0.013509,0.0010607,0.010066,0.0023301,-0.0071723,0.00052177,0.0055692,27.7486,-1.9932e-05,-0.00027254,-0.0001353,0.00034559,19.1772,227.6716,-5.34,-0.079308,-7.7517,6.375,18.0592,0.4456
JU1793,2.3562,-0.01088,-0.69925,0.62279,-0.0025194,0.0013704,0.0017159,0.0010089,-0.0023113,0.00022957,0.0030793,15.7511,-2.6805e-05,-0.00058454,-8.1042e-05,0.00014324,265.4679,122.3181,-2.22,-0.1004,-5.007,-2.6948,7.4202,-0.10932
JU1808,-2.4368,0.007306,-0.42034,-0.55143,-0.001967,-0.00069654,0.0017832,-0.00109,0.0025774,0.00012591,-0.0035095,6.5899,-3.1216e-05,-0.00042519,-0.00019382,0.00011643,354.9608,561.5361,-2.9,-0.18173,-2.075,0.63645,0.74576,-0.040736
JU1896,2.2776,-0.0074469,-7.9263,4.4292,-0.011379,0.00159,0.011525,0.0033166,-0.0048785,0.00051791,0.0042336,43.3936,-1.1356e-05,-0.00018089,-1.7452e-05,0.00036842,328.4903,929.6881,-0.74,-0.14273,-7.9203,1.304,18.9894,0.46745
JU2001,6.333,-0.029059,-4.2187,4.4462,-0.00607,0.0010406,0.0082091,0.00065808,-0.0072131,0.00045914,0.0058619,27.0632,-2.6738e-05,-0.00046194,-0.00033405,0.0002698,248.0041,499.5895,-1.2,-0.17774,-11.2822,9.5687,23.9279,-0.0016683
JU2007,11.0399,-0.018109,-4.7404,4.2238,-0.0066872,0.0013866,0.0056874,0.0020506,-0.0035977,0.00048969,0.0038352,36.0794,-3.031e-05,-0.00023231,-0.00019811,0.00033935,463.3073,630.9788,-2.2,-0.16387,-6.405,7.7463,19.8878,0.45626
JU2131,2.7308,-0.011792,-7.1248,5.8247,-0.018094,0.00082692,0.019653,0.0024994,-0.0062621,0.00079405,0.0067483,48.5793,-1.222e-05,2.5611e-05,-4.872e-05,0.00056136,185.3054,947.0667,-0.44,-0.13059,-8.5852,7.2188,25.03,0.53393
JU2141,3.6841,-0.012515,-5.8101,3.1896,-0.0089655,-0.00027083,0.006913,0.0016627,-0.0053679,0.00032708,0.004922,51.8032,-1.2372e-05,-0.0001858,-1.0465e-05,0.00025825,312.9961,335.6555,-0.44,-0.039882,-9.1942,4.1156,24.7399,0.27368
JU2234,1.7486,0.010977,-4.1266,1.898,-0.0037601,1.3225e-05,0.0035634,0.0017134,-0.0022508,0.00042384,-0.00074942,18.3112,-2.0412e-05,-0.00032195,-0.00022765,0.0002812,315.9201,546.3071,-6,-0.1299,-3.481,1.7893,12.512,0.32839
JU2464,-2.3483,-0.018875,-1.9488,1.1227,-0.0013681,0.00048056,0.0007214,3.8184e-06,-0.0054553,0.00028284,0.0053184,14.1632,-9.5342e-06,-3.4882e-05,6.0694e-06,0.00013945,209.1508,1132.9,-0.76,-0.16151,-11.7222,8.4807,23.3002,0.16891
JU2466,7.1711,-0.026707,-8.1335,6.0001,-0.0075051,0.0016799,0.0074517,0.0027006,-0.0062467,0.00045188,0.0067661,8.871,-1.277e-05,-0.00037147,-0.00016367,0.00028348,531.6553,533.02,-1.72,-0.22867,-6.7136,9.6091,25.696,0.27649
JU2513,3.0885,-0.011368,-2.7279,2.0674,-0.0029655,0.0015118,0.0011168,0.0033906,-0.0026453,0.00069011,0.0028859,34.9624,-4.0032e-05,-0.00027842,-0.00014349,0.00054335,694.7178,887.078,-2,-0.1286,-5.1108,2.3592,21.4776,0.39717
JU2519,9.293,-0.014105,-5.3622,4.065,-0.01118,0.0008909,0.0079971,0.00032708,-0.0070099,0.00029942,0.0065459,20.8744,-1.8969e-05,-0.00050247,-9.0017e-05,0.00018648,324.5255,264.2015,-2.1,-0.20565,-7.7268,7.3277,16.7305,0.14799
JU2522,7.9177,-0.011753,-3.6377,3.2071,-0.01013,0.00038669,0.0088625,0.00080606,-0.0079478,0.00062194,0.0062297,14.8656,-3.7416e-06,-2.4112e-05,-2.5044e-05,0.00043097,-609.2739,-300.4019,-2.28,-0.15708,-4.6165,-0.28065,9.7558,0.11108
JU2526,10.7663,-0.020464,-7.9348,10.7247,-0.012212,0.0010722,0.01141,0.0029386,-0.011788,0.00091624,0.0083397,13.8418,-1.1841e-05,-0.00028502,-0.00019324,0.00062901,499.1163,488.0826,-4.34,-0.2308,-4.4086,2.2915,11.9435,0.49221
JU2534,7.3537,-0.026309,-6.9228,4.2581,-0.0131,0.00072485,0.010011,0.0015305,-0.010524,0.00030762,0.0090823,13.6711,-2.546e-05,-0.00041127,-0.00014558,0.00016146,248.9594,770.754,-2.76,-0.13909,-5.9581,0.39433,7.9043,0.15302
JU2565,-0.96119,0.0011844,-0.94512,0.47317,-0.0015752,-0.00026729,0.0011721,-0.00019446,0.0028222,0.00012303,-0.0038149,-4.7199,-2.5707e-05,-0.00032243,-0.0001823,0.00016374,185.6533,191.9006,-1.16,-0.10032,-5.7308,1.8063,8.5487,0.033676
JU2566,11.413,-0.0023057,-5.8977,4.2888,-0.0063853,0.00032485,0.0050136,-0.00021987,-0.0046063,0.0001845,0.0046775,26.6709,-2.2935e-05,-0.00045684,-9.8846e-05,0.00012665,322.883,205.4343,-1.84,-0.099441,-1.3699,3.2188,16.2368,0.20564
JU2578,-0.8279,-0.0010723,0.35948,-1.3017,-0.0042213,0.00056662,0.0028966,0.0014856,-0.00076469,0.00023339,0.0020662,40.8579,-2.6362e-05,-0.00030933,-0.00015733,0.00033308,235.5606,1030.3634,-1.2,-0.15263,-5.921,6.9361,20.4893,0.21673
JU258,7.8572,-0.017491,-5.2577,4.2281,-0.013741,0.00064187,0.011632,0.0012549,-0.0050797,0.00025034,0.0043698,13.8808,-2.8446e-05,-0.000623,-0.0002856,0.00018283,394.0808,129.1901,-3.5,-0.13781,-3.1716,-0.39993,6.3526,0.15659
JU2587,3.8123,-0.025148,-7.4018,7.2669,-0.022469,0.00054757,0.022276,0.0031434,-0.0096514,0.00076145,0.0082533,47.521,6.3567e-06,-3.6621e-05,3.469e-06,0.00061639,651.935,1529.484,-2.76,-0.23455,-22.9703,12.3984,38.6396,0.40041
JU2593,-1.4697,-0.0097952,-8.0839,5.89,-0.0085801,0.00016242,0.0054122,0.0019312,-0.0034998,0.00042543,0.0024534,67.5347,4.2254e-06,-7.6932e-05,5.7876e-05,0.00048583,430.3202,1060.4885,-2.88,-0.14772,-2.1025,5.6038,17.6902,0.51596
JU2600,4.0397,-0.016025,-3.2163,2.7566,-0.0097149,0.00037896,0.0076113,5.8394e-05,-0.0063246,0.00041798,0.0046022,1.7741,-3.6426e-05,-0.00035097,-0.00018371,0.00037597,348.9168,441.6805,-1.16,-0.10882,-1.3395,0.18254,0.44351,0.011835
JU2800,6.7845,-0.015154,-10.1068,7.237,-0.0084462,0.0010555,0.0052579,0.0013992,-0.011589,0.00063591,0.0099998,38.357,-2.511e-05,-0.00019877,-0.00014476,0.00045268,245.4686,281.6003,-2.44,-0.15876,-9.6118,3.7746,18.3252,0.036297
JU2862,5.9225,-0.021963,-1.73,1.7714,-0.0065745,0.0011362,0.0064257,0.0025724,-0.0068485,0.00075344,0.0063139,6.3122,-2.3529e-05,-0.00043571,-0.00023624,0.00063867,157.4194,580.4436,-4.52,-0.14027,-1.9477,-0.75533,4.4915,0.24502
JU2866,4.4482,-0.0106,-6.2432,3.3055,-0.0070688,0.00083968,0.0073931,0.00119,-0.0049292,-0.00013458,0.003143,26.1447,-6.7687e-06,-0.00035722,3.6468e-05,0.00012678,26.1125,218.8472,-3.36,-0.051863,-2.5798,0.52387,5.4925,0.047872
JU2878,6.8987,-0.020966,-3.512,3.1345,-0.012817,0.0011456,0.011415,0.0020573,-0.0067473,0.00052825,0.0062414,8.3068,-2.7886e-05,-0.00033539,-0.00014572,0.0002942,151.897,468.7379,-1.22,-0.18572,-7.7815,5.6051,13.844,0.32775
JU2879,7.6362,-0.026308,-6.4223,6.9464,-0.010103,0.0013798,0.010416,0.0026088,-0.0071621,0.00061598,0.0061241,-4.3477,-1.8138e-05,-0.00058911,-0.00019873,0.00053562,550.2168,-325.1853,-8.56,-0.15512,-3.42,-2.058,-2.2366,0.31607
JU2906,1.902,-0.010362,-2.6342,3.5685,-0.012731,0.0017043,0.010128,0.0037619,-0.0079553,0.00084229,0.0068867,-1.7582,-1.8428e-06,-3.9157e-05,-7.9515e-05,0.000616,244.9184,-223.5244,-7.26,-0.082246,1.7877,0.74297,-0.87115,0.21254
JU310,1.2521,-0.010203,-6.1966,3.8867,-0.013206,0.00075707,0.011753,0.0010109,-0.0071565,0.00041928,0.0067982,31.1279,3.0556e-06,4.3626e-05,7.6328e-05,0.00013844,49.7683,880.4761,-2.92,-0.15171,-8.9578,4.46,13.7805,0.30891
JU311,7.9579,-0.011027,-8.1631,6.4451,-0.01233,0.00076655,0.0083622,0.0027007,-0.0057476,0.00038622,0.0043597,29.5084,-3.2451e-05,-0.00035179,-0.0001238,0.00036015,448.783,156.3938,-2.38,-0.081501,-0.76057,0.93952,8.1661,0.28359
JU3125,6.9502,-0.012707,-7.1784,5.1105,-0.003473,0.0010723,0.0013485,0.0012276,-0.0034456,0.00029374,0.0027808,21.4204,-1.853e-05,-0.00031886,-9.1956e-05,0.00034984,403.0677,-676.937,-4.52,-0.10643,-6.6638,-4.3106,0.3025,0.28923
JU3127,3.4501,-0.0053244,-3.8651,5.5529,-0.0032364,-0.00014389,0.0019381,0.0010022,-0.0094897,0.0012172,0.0074412,48.816,-1.0284e-05,0.00014191,1.4164e-05,0.00084222,564.4695,783.5865,-1.62,-0.041897,-10.4918,3.3224,20.3747,0.73688
JU3134,3.056,-0.020796,-6.8052,4.5543,-0.016354,0.0010421,0.014835,0.0017354,-0.0089355,0.00065826,0.0090671,37.9158,9.5089e-06,0.00014883,4.2157e-05,0.00049019,394.3535,876.5569,-2.12,-0.16568,-11.5082,7.4474,26.8538,0.26397
JU3135,7.7694,-0.0052122,-3.2747,5.6147,-0.0058453,0.00127,0.0057769,0.0020754,-0.0027211,0.00028685,0.0027859,2.5008,-1.526e-05,-0.00019853,-0.00017322,0.00018672,24.3428,62.7454,-3.28,-0.22642,-1.5285,0.58357,9.183,-0.079452
JU3137,8.4648,-0.018372,-4.1981,2.977,-0.0089451,0.001486,0.0093468,0.0025207,-0.0041155,0.00051595,0.0034237,1.8735,-8.9992e-06,-0.0003778,-0.00013627,0.00029483,631.0879,163.8689,-4.32,-0.11672,0.011009,0.89857,4.9557,0.15084
JU3140,5.1872,-0.00030813,-7.9867,9.998,-0.0053901,0.00088206,0.0057403,0.0024442,0.0017015,0.00033993,-0.0010085,6.8364,-1.4106e-05,-0.00022144,-0.00010115,0.00025909,86.4911,214.5886,-1,-0.054316,-2.547,-0.86092,0.35319,0.25316
JU323,7.491,-0.013763,-6.4486,4.3006,-0.0085424,0.00085421,0.0090848,0.0032495,-0.0055141,0.00070482,0.0055155,46.9563,-2.9112e-05,-0.00020674,-0.00017188,0.00055612,344.2717,137.0217,-0.76,-0.14036,-9.1761,8.0708,28.4054,0.33758
JU346,8.8885,-0.016794,-5.1871,3.2863,-0.0074596,0.0018708,0.0085353,0.0031483,-0.0033342,0.00043642,0.0033891,42.7685,-3.4599e-06,-7.2531e-05,-2.4233e-05,0.00028854,685.981,991.4663,-1.02,-0.11847,-14.345,17.7851,35.5356,0.47259
JU360,9.7778,-0.012617,-6.2149,5.0566,-0.013399,0.00028824,0.011321,0.0013222,-0.0046939,0.00031721,0.0030024,35.1588,-3.383e-05,-0.00048707,-0.00017435,0.00035678,447.1022,508.5771,-8,-0.13557,-6.8386,2.9505,19.5669,0.35912
JU367,8.2539,-0.012941,-8.6921,6.5899,-0.011466,0.0006563,0.01271,0.0030115,-0.004986,0.00044806,0.0053528,29.2514,1.8877e-06,-0.00024292,-0.00015231,0.00021532,672.8849,1133.9622,-1.48,-0.13999,-8.3659,12.0945,28.0294,0.37416
JU393,8.4522,-0.017694,-2.671,0.92275,-0.0063425,0.0012754,0.0070461,0.0022222,-0.0048523,0.0002224,0.0051367,22.4887,-2.5438e-05,-0.00054308,-0.00018962,7.2476e-05,309.1386,687.3129,-2.56,-0.15407,-3.3694,9.0794,24.6349,0.084912
JU394,4.2147,-0.019397,-3.1032,1.7434,-0.0036388,0.0014376,0.0049687,0.0029214,-0.0041227,0.00042766,0.0042691,38.3044,-1.3941e-05,-0.00023005,-1.4266e-05,0.00023417,674.7665,1336.0109,-0.38,-0.16309,-11.5256,2.8401,28.2278,0.24039
JU397,5.3856,-0.007774,-2.1113,2.0062,-0.0076602,0.00049388,0.0092936,0.0011853,-0.0032026,0.00014892,0.001751,1.227,-2.5332e-05,-0.00073669,-0.00027464,4.9902e-05,-29.733,62.4297,-6.72,-0.11918,-2.0258,-2.5605,11.7735,0.08681
JU406,2.1695,-0.0057994,-3.9052,2.712,-0.0071543,0.00061858,0.0088913,0.001993,-0.0018971,0.00054277,0.0018023,41.8687,-1.6718e-05,-0.00015516,-0.00011521,0.00040471,741.4823,1350.0508,-0.16,-0.11931,-5.5221,-2.2694,19.8934,0.18022
JU440,9.4058,0.0023708,-6.9699,5.2954,-0.0074949,0.0011805,0.0089769,0.0026413,-0.0012395,0.00028722,0.00092559,22.3211,-1.5235e-05,-0.00054975,-0.0002706,0.00026997,-69.366,116.9663,-4.04,-0.08958,-0.68679,4.4293,9.9364,0.28065
JU561,6.702,-0.011084,-8.8585,5.9609,-0.012757,-8.9686e-05,0.0077965,0.00084797,-0.00070665,0.00040103,0.00051856,25.3011,-2.6263e-05,-0.00028447,-0.00019968,0.0004163,258.1313,832.8091,-1.64,-0.1825,-10.3744,5.5151,19.9871,0.14172
JU642,8.3175,-0.026194,-6.1903,6.3575,-0.012753,0.0017863,0.011796,0.0019745,-0.0097176,0.00058282,0.0083306,27.8253,-2.2802e-05,-0.00040741,-0.00013668,0.00050213,394.6559,510.4952,-6.28,-0.13707,-5.3295,3.4982,15.7346,0.011601
JU751,11.084,-0.018298,8.5215,-6.3358,-0.0046214,0.0014793,0.0052219,0.0011818,-0.0009292,0.00025593,0.00050914,42.5977,-2.1317e-05,-0.00069518,-6.8894e-05,0.00016998,212.0779,-42.2195,-1.52,-0.18069,-3.7676,-0.22752,4.6654,-0.0026529
JU774,13.5267,-0.016957,-3.7561,2.9267,-0.002709,0.0011441,0.0014729,0.0029256,-0.0039535,0.00010375,0.0021793,25.8032,-3.9821e-05,-0.0006883,-0.00036976,0.00030045,596.6899,329.2683,-2.86,-0.064388,-7.31,4.0478,18.5804,0.011865
JU775,5.4622,-0.017257,-6.8431,4.1085,-0.0079408,0.0017236,0.008011,0.0031048,-0.006665,0.00055772,0.0065483,34.5204,-2.8579e-05,-0.00036875,-7.5136e-05,0.00041431,814.2908,1009.1222,-1.03,-0.13358,-11.8936,4.2725,24.6181,0.50181
JU778,8.0294,-0.024255,-4.3287,2.9581,0.002271,0.00062492,-0.00094291,0.0005531,-0.00032797,0.0001559,0.00034191,8.9638,-2.8007e-05,-0.0005366,-0.00025203,0.00012164,340.1013,393.3505,-2.12,-0.17505,-6.1178,2.2702,13.1352,0.12881
JU782,2.3556,-0.006271,-3.7089,3.2331,-0.0030752,0.00079954,0.0055882,0.0012897,-1.3579e-05,0.0002021,0.00090953,32.408,-2.8667e-05,-0.00047467,-0.00020585,0.00013684,683.8804,1011.3502,-0.46,-0.17011,-7.8901,9.4522,22.7641,0.36713
JU792,5.8518,-0.021251,-8.859,7.4494,-0.010339,0.00099158,0.010707,0.0023469,-0.006681,0.00035958,0.0058169,18.9315,-1.144e-05,-0.00030452,-1.9945e-05,0.00051188,776.0545,863.1047,-1.88,-0.093237,-8.4273,-0.98146,17.8957,0.52601
JU830,5.0195,-0.0066367,-5.0896,5.4091,-0.0055599,-0.00034012,0.006943,0.0006902,-0.0020674,0.00024289,0.0028902,24.2575,-2.8199e-05,-0.00021927,-0.00022577,0.00018126,708.8027,994.2216,-2.44,-0.21163,-6.1408,1.0741,19.7533,0.33589
JU847,4.4954,-0.015063,-3.9086,2.9277,-0.0018769,0.00032587,0.0030888,-0.00026759,-0.0062836,0.00017695,0.0054793,15.6721,-1.3056e-05,-0.00032558,-3.2717e-05,0.00031476,400.0791,142.636,-3.34,-0.1548,-1.8507,2.819,8.8614,0.093942
KR314,5.8294,-0.0078065,-6.7488,5.4476,-0.010062,0.0018851,0.011876,0.0031758,-0.0038585,0.00055982,0.0036104,29.3446,1.1503e-05,-5.5703e-05,5.339e-06,0.00039394,524.9848,336.4224,-1.24,-0.13175,-8.315,7.3549,29.6013,0.40183
LKC34,4.005,-0.0068449,-4.1828,3.3104,-0.0097746,0.0013504,0.0081287,0.002306,-0.0032157,0.00026226,0.0034139,34.1073,-2.2006e-05,-0.00030663,-0.00017191,0.0002078,659.9363,1010.4014,-1.52,-0.21698,-12.5624,9.7266,25.3598,0.31564
LSJ1,4.6095,-0.021735,-2.8205,2.758,-0.0034522,0.0010896,0.0054075,0.0022237,-0.0015667,0.00021141,0.0023945,15.8763,-1.3175e-05,-0.00021196,-0.00010284,0.00022805,542.5918,-241.1047,-5,-0.11316,-3.8593,2.4809,16.8335,0.22499
MY1,1.1034,-0.010017,-8.5757,6.5472,-0.0060884,0.0014184,0.0048215,0.0027188,-0.0048552,0.00059204,0.0035231,63.1088,-1.991e-05,-0.00010504,-3.3938e-05,0.00054859,463.5193,588.7114,-1.84,-0.15438,-17.3338,7.8305,39.6342,0.40655
MY10,5.0982,-0.01131,-0.33669,1.0943,-0.008887,0.0010515,0.009686,0.0019453,-0.004957,0.00054091,0.0032371,29.5748,-8.612e-06,-0.00011569,2.7973e-05,0.00032823,88.5867,1059.7286,-6.04,-0.13079,-9.1793,3.6102,22.3353,0.12484
MY16,4.3425,-0.017555,-4.9061,2.9024,-0.011917,0.0011873,0.010644,0.0023497,-0.0046094,0.00032373,0.0037733,28.6942,-2.8791e-05,-0.00033091,-0.00017732,0.00024176,571.1011,534.1555,-4.88,-0.23826,-4.2232,5.5869,17.7842,0.16509
MY18,3.8944,-0.015096,-2.9649,4.3626,-0.0068826,0.0010481,0.0071051,0.00084671,-0.0019328,0.00016904,0.0013547,17.2773,-1.3832e-05,-0.00016036,-0.0002153,0.00017183,-80.8619,200.1741,-2.36,-0.1919,5.1137,-2.7728,-8.5025,0.049122
MY2212,3.2105,-0.013872,-6.7798,4.397,-0.010225,0.0013456,0.011954,0.0033306,-0.0058286,0.00063777,0.0059438,60.0452,-2.4514e-05,-5.8674e-05,-0.00010958,0.00040017,418.7361,918.9224,0,-0.11228,-9.2755,7.281,31.7437,0.57457
MY23,8.5213,-0.017288,-6.8987,4.6542,-0.013226,0.0014761,0.012145,0.0030943,-0.0063707,0.00064517,0.0054576,32.5016,-3.9495e-05,-0.0004957,-0.00018309,0.00040744,322.6464,223.3635,-7.9,-0.1264,-5.1922,3.517,14.7986,0.41584
MY2453,6.6897,-0.0047437,-3.5596,2.201,-0.0048163,0.00052787,0.00033371,0.0021523,-0.002564,1.3225e-05,-0.00049805,28.2348,-3.1467e-05,-0.0002908,-5.3837e-05,0.00010035,628.7332,838.9084,-0.68,-0.13173,-4.5574,-0.31361,12.5733,-0.022441
MY2530,1.9826,-0.0068622,0.27122,1.3508,-0.0052572,0.0015744,0.0061437,0.0030298,-0.0038091,0.00042375,0.0040213,7.9775,-1.778e-05,-8.1613e-05,-1.6085e-05,0.00036573,421.7884,648.1904,-2.36,-0.20227,-5.6658,5.5798,18.3884,0.37959
MY2535,3.0396,-0.0076174,-1.7401,1.7847,-0.0033458,0.00053328,0.0036648,0.0016555,-0.0037907,0.00028331,0.0030639,38.3769,-2.5619e-05,-0.00019764,-4.0552e-05,0.00029389,506.1243,1011.8807,-2.06,-0.083339,-11.3968,5.332,17.2618,0.27875
MY2573,3.8925,-0.0068179,-9.2731,7.6022,-0.016985,0.00098404,0.014564,0.0025096,-0.0075715,0.00052974,0.0050122,37.6303,-1.074e-05,-0.00022443,-0.0001192,0.00039538,494.5249,809.421,-1.46,-0.1009,-3.4355,1.7446,16.4819,0.49352
MY2693,9.027,-0.01948,-6.0939,5.5271,-0.0091035,0.00074878,0.0095768,0.0013067,-0.0066457,0.00046268,0.0066965,13.5752,-1.4186e-05,-0.00024376,-0.00019243,0.00026816,376.0029,831.354,-1.68,-0.10168,-7.4775,2.7903,10.3804,0.10072
MY2741,3.0626,-0.012332,-6.0529,5.4722,-0.010428,1.6205e-05,0.0071945,0.00051227,-0.006832,0.00037011,0.0063612,33.7443,-2.1913e-05,-0.00016986,-9.0908e-05,0.00023027,570.4353,560.1892,-2.52,-0.11815,-4.3192,7.6086,15.6371,0.20212
MY679,4.9059,-0.0011108,-5.0988,3.5551,0.0015932,-0.0002861,-0.0031735,5.7183e-05,-0.002504,0.00026915,0.0024205,35.8429,-3.9725e-05,-0.00035086,-0.00012972,0.00035194,-167.3742,431.6299,-1.52,-0.048425,-3.7305,4.5865,19.0905,0.12878
MY920,-3.0516,-0.0016636,-3.304,1.2774,-0.013609,-0.00059791,0.013052,-0.00013537,-0.0061198,-1.0151e-05,0.0061748,51.5646,-1.8364e-05,-0.00015702,6.5887e-05,6.3032e-05,407.8725,1469.5583,-0.8,0.0039253,-12.6811,5.2791,19.7183,0.1463
N2,2.1859,-0.00859,-0.84491,1.7637,-0.0024278,0.00043223,0.002998,0.00043237,-0.0021402,0.00022501,0.0016415,2.3232,-1.8148e-05,-0.00017078,-4.1704e-05,0.00010458,613.0677,398.0305,-1.04,-0.025013,-3.6366,1.7662,8.7334,0.075524
NIC1,2.6158,-0.018387,-4.0896,4.0338,-0.003076,0.0006211,0.0048491,0.00041866,-0.0031242,0.00011045,0.0037559,6.0296,-3.7046e-05,-0.00054705,-0.00025043,0.00015859,267.3558,58.0371,-3.26,-0.22668,-2.5767,3.449,15.1421,0.070699
NIC1107,4.1307,-0.00754,-2.8213,1.9431,0.00056671,0.00029933,-0.0018102,0.0021953,0.00015043,0.0001004,-0.0014137,-1.4168,-2.8182e-05,-0.00048277,-0.00018745,6.7896e-05,40.9673,347.6902,-1.54,-0.00048804,-3.2718,1.8913,5.3628,0.092194
NIC166,6.869,-0.0055487,-8.1536,5.9339,-0.00684,0.0013416,0.0096878,0.0025389,-0.0057387,0.00039423,0.0044341,44.3602,-2.9889e-05,-0.00029627,-0.00015281,0.00039113,501.9053,379.5847,-1.88,-0.14893,-6.092,9.7788,21.8444,0.28392
NIC195,10.7655,-0.026089,-5.1848,4.4459,-0.012388,0.00034822,0.012732,0.0011869,-0.010785,0.00048364,0.0099,0.98112,-3.8919e-05,-0.00053038,-0.00020913,0.00036804,973.4523,360.3398,-4.96,-0.15279,-2.3705,-4.0605,-2.8147,0.23681
NIC199,2.8697,-0.015385,-5.1614,2.5096,-0.013013,0.00091484,0.011657,0.0012368,-0.0061418,0.00026189,0.0048985,39.8824,-4.3185e-05,-0.00056718,-0.00020496,0.00030529,284.4339,367.073,-2.52,-0.060312,-0.97025,2.711,10.6885,0.28682
NIC2,2.5249,-0.0094528,-5.2878,3.1604,-0.0071764,0.0011054,0.0095284,0.0020487,-0.0047148,0.0003201,0.0030558,33.1717,-2.4096e-05,-0.00022502,-8.8075e-05,0.00015479,527.4377,844.8505,-2.16,-0.1592,-2.2278,1.8484,10.891,0.053062
NIC207,6.8708,-0.0089673,-5.6429,4.6049,-0.01059,0.00060946,0.0085723,0.0020309,-0.0048834,0.00039106,0.0041675,31.4654,-1.6727e-05,-0.00017161,-0.00016309,0.00027523,716.0095,531.0122,-2.52,-0.1249,-2.409,1.0346,12.1687,0.25719
NIC231,4.1763,-0.02217,-3.5361,1.8018,-0.0013773,0.00052014,0.0016974,0.00011753,-0.0041406,0.00017472,0.0048635,37.4953,-3.9731e-05,-0.000363,-0.00014302,0.00011703,18.326,1028.0441,-3.16,-0.15796,-4.0698,1.4343,13.5504,0.12671
NIC236,3.2427,-0.014272,-4.3582,3.5443,-0.008448,0.0013355,0.0069491,0.0029669,-0.005935,0.00046901,0.0045564,25.4268,4.2944e-06,-0.00024934,-0.00011218,0.00031446,619.2042,427.0294,-2.38,-0.17168,-2.4564,2.3763,10.355,0.2812
NIC242,3.7653,-0.017062,-6.6819,4.622,-0.011111,0.00097337,0.012041,0.0022425,-0.0059599,0.00040065,0.0063469,45.249,-2.4206e-05,-0.00026587,-0.00013289,0.00030401,411.4962,191.5876,-1.42,-0.16299,-7.934,5.7932,21.8359,0.47273
NIC251,3.1856,0.00078517,2.4907,-0.35615,-0.0055558,0.00040755,0.0022926,0.00034449,0.00047287,0.00013513,-0.0015017,-11.5184,-2.447e-05,-0.00036151,-0.00029,8.1059e-05,87.7068,-45.1095,-1.36,-0.2029,-3.2208,1.4535,4.655,-0.12494
NIC252,2.857,-0.015035,-2.4452,4.0369,0.0079841,0.00056168,-0.0088983,0.00061634,-0.0056805,0.00043749,0.0043156,3.9402,-6.335e-06,-0.00016904,-0.00015926,0.00016588,300.6078,329.7441,-2.31,-0.15055,-2.4149,2.1045,7.9787,0.33845
NIC255,12.2756,-0.025039,-3.674,1.7024,-0.0078767,0.0011808,0.0064296,0.0016142,-0.0054381,0.00024959,0.0047948,14.6913,-2.7167e-05,-0.00041478,-0.00019552,0.0001883,566.3019,553.6783,-2.18,-0.16337,-6.4324,2.2303,16.9418,0.14831
NIC256,5.5563,-0.017909,-5.0995,4.0296,-0.012243,0.001392,0.011279,0.0020518,-0.0071601,0.00029784,0.0063216,8.0667,-3.1592e-05,-0.00046202,-0.0002312,0.00024989,172.8872,298.8501,-2.69,-0.22283,-6.066,5.5556,20.1519,0.14335
NIC258,4.1869,-0.014461,2.3382,-1.3635,0.0021524,0.00094194,-0.00093678,0.0017989,-0.0025043,0.00015516,0.0015468,-4.258,-2.0789e-05,-0.00018495,-7.1741e-05,0.0001829,216.1697,-219.1167,-1.84,-0.15577,-0.83363,4.2854,12.6873,-0.0016895
NIC259,0.59626,-0.0082261,-3.629,2.8649,5.5581e-05,0.0013573,0.0010468,0.002549,-0.0045182,0.00024997,0.0043134,-1.3121,-1.9638e-05,-0.00062386,-0.00030652,0.00021055,393.9305,378.4038,-3.48,-0.18392,-2.0302,2.0553,11.1177,0.10333
NIC260,6.9305,-0.0022383,-5.6837,3.9178,-0.0082207,0.00049565,0.0070988,0.0026558,-0.0036342,0.00028256,0.0034927,34.3099,4.1473e-05,0.00030737,0.00012688,0.00020807,298.8158,316.0856,-2,-0.12783,-4.3697,2.4586,9.6558,0.29563
NIC261,9.7079,-0.013353,-6.5127,3.4134,-0.0079026,0.0016469,0.010793,0.0034931,-0.0041305,0.00021961,0.0044128,38.3754,-2.8784e-05,-0.00037099,-0.00022489,0.0002389,770.6338,761.1343,-2.48,-0.094244,-10.1316,9.0313,32.2086,0.72559
NIC262,1.5158,-0.0024293,1.5507,-1.2745,-0.000614,5.2899e-05,0.001278,-0.00033379,-0.0023606,-0.00010785,0.0023859,-1.64,-6.5758e-06,-0.00021863,-0.00012798,-0.00014351,245.2958,-469.2379,-0.52,-0.10885,-2.5185,2.4965,0.55919,0.00045967
NIC265,2.3024,-0.014515,-5.1337,4.5575,-0.0058202,0.0012665,0.0045753,0.0021463,-0.0077854,0.00055982,0.0060865,33.8468,-2.3251e-05,-0.0003097,-7.262e-05,0.0003978,712.3614,980.2031,-1.04,-0.16753,-10.4008,5.9477,29.7012,0.40502
NIC266,5.089,-0.011472,-6.7168,4.7969,-0.011938,0.0012208,0.013641,0.0024272,-0.0046919,0.00057425,0.0049162,31.7028,-2.5267e-05,-0.00022718,-7.924e-05,0.00043444,367.0905,487.7183,-0.96,0.0011823,-6.3784,3.9462,25.9816,0.3916
NIC267,6.1217,-0.013189,-3.3325,1.5025,-0.013347,0.00092736,0.014455,0.0034106,-0.0062975,0.00034682,0.0057737,24.4201,-3.0606e-05,-0.00035634,-0.00015458,0.00024415,205.6175,644.1391,-1.62,-0.14762,-5.0537,7.7433,19.6879,0.19766
NIC268,0.32923,-0.017429,-4.5313,4.9194,-0.010529,0.000956,0.0076465,0.0013701,-0.0057488,0.00052601,0.0053179,-4.6527,-1.9222e-05,-0.00045706,-0.00043891,0.00038912,-80.4734,14.5056,-7.06,-0.1921,-1.7809,0.11274,4.4178,0.2126
NIC269,11.7307,-0.021874,-2.3569,1.337,-0.0037193,0.00037542,0.0019955,0.00097693,-0.0056047,0.00022417,0.0046596,-6.3254,-2.7857e-05,-0.00059164,-0.00025355,0.00017778,181.0829,-46.3091,-3.62,-0.07615,1.7605,-1.1953,0.52671,0.084018
NIC271,8.8606,-0.014024,-5.9373,4.5892,-0.014131,0.0016697,0.014238,0.002977,-0.0050145,0.0005695,0.003932,37.8409,-3.2996e-05,-0.00021931,-8.7659e-05,0.00038732,778.4774,1094.2621,-1.22,-0.08904,-7.7587,6.5458,38.6617,0.60153
NIC272,3.5117,-0.016534,-1.8579,-0.38542,-0.011197,0.0011756,0.010916,0.0025345,-0.0063606,0.00046268,0.0059634,31.3595,-1.4633e-05,-0.00043254,-0.00015759,0.00016675,273.679,1021.3359,0.32,-0.22422,-7.528,11.3526,24.9805,0.38018
NIC274,8.9005,-0.011294,-9.9289,6.7762,-0.0085106,0.00069747,0.0072485,0.0012658,-0.0041218,7.9069e-05,0.0038395,40.543,-7.452e-06,-0.00023623,-0.00013694,0.00011644,216.0613,312.6644,-2.98,-0.069212,-6.9985,8.753,16.1245,0.22102
NIC275,3.1856,-0.0072123,-5.2434,3.7678,-0.013384,0.0010207,0.012239,0.0018346,-0.0056424,0.000556,0.0056218,45.7137,-1.9406e-05,-0.00022261,-0.00011697,0.0004015,494.5564,744.8989,-2.2,-0.10489,-8.4548,5.0443,23.2228,0.35841
NIC276,5.0016,-0.010789,-5.3716,6.2249,-0.010678,0.0012719,0.0090951,0.0035076,-0.0066847,0.00074888,0.0054057,30.7167,-1.7785e-05,-2.7772e-05,-0.00016185,0.00055258,249.3548,388.2499,-2.48,-0.18538,-6.3674,6.3698,22.6565,0.17196
NIC277,8.8661,-0.021883,-4.2591,4.2382,-0.011769,0.0013324,0.011697,0.0027769,-0.0073355,0.00057197,0.0063104,12.7672,-2.2053e-05,-0.00042289,-0.00026871,0.00035178,368.7451,191.2693,-2.93,-0.15463,-2.0658,7.4074,14.1415,0.28597
NIC3,5.6831,-0.020441,-2.0877,3.3085,-0.0067478,0.00078157,0.0076204,0.0014577,-0.0033526,9.4995e-06,0.0045523,8.0795,-3.0249e-05,-0.00039154,-0.00014173,3.2105e-05,270.9579,834.5093,-1.52,-0.20508,-4.4477,1.172,11.3333,0.25962
NIC513,6.7052,-0.026262,-5.2843,3.9584,-0.007644,0.001547,0.0089478,0.001935,-0.0089976,0.00046818,0.0099013,23.014,-1.5767e-05,-0.00045327,-0.00032186,0.00027257,236.4821,207.1251,-2.96,-0.17893,-6.8928,9.7168,19.0631,0.29742
NIC514,-0.79592,-0.0069458,-4.7677,3.7739,-0.010887,0.00091633,0.010912,0.00163,-0.0033514,0.00051241,0.0046265,25.1129,-2.4133e-05,-0.00025506,-0.00015847,0.00038269,206.4108,220.4851,-1.52,-0.11583,-3.4755,5.313,13.3681,0.32979
NIC522,3.4375,-0.0026128,-3.2426,2.4436,-0.0045383,0.0010026,0.004934,0.0024931,-0.00085749,0.0003289,0.00045738,36.6618,-2.7119e-05,-0.00026057,-9.684e-05,0.00024948,764.8596,920.817,-1.28,-0.16348,-9.852,7.2513,29.624,0.14196
NIC523,2.9299,-0.0103,-2.1368,2.0493,-0.012449,0.00084592,0.013687,0.0023999,-0.0048826,0.00043511,0.0043998,26.5403,-2.0638e-05,-0.00018671,-2.471e-05,0.0002019,612.5479,104.8564,-1.08,-0.097095,-4.2551,0.10309,17.659,0.264
PB303,6.6629,-0.018619,-7.456,5.0071,-0.013882,0.00041919,0.0096824,0.00071926,-0.0098706,0.00018217,0.0080051,32.2146,-1.5612e-05,-0.00029464,-5.8968e-05,0.00019278,343.7154,291.1416,-2.6,-0.075306,-5.4126,1.1882,11.5817,0.34141
PS2025,6.1619,-0.015735,-4.9033,3.2204,-0.0091452,0.001663,0.0078245,0.0042018,-0.0059507,0.00058804,0.0060138,12.0922,-1.5876e-05,-0.00031916,-0.0002334,0.00029757,9.5067,-270.7205,-0.66,-0.066452,-11.2101,7.1267,17.3401,0.33963
PX179,3.3176,-0.015113,-6.5031,4.8413,-0.010058,0.0011448,0.009709,0.0024947,-0.0089179,0.00084508,0.0065396,24.984,-1.878e-05,-0.00026325,-8.3259e-05,0.00046654,150.7769,608.9229,-2.2,-0.098044,-6.5233,4.9631,16.5191,0.38356
QG2075,3.5723,-0.016668,1.3117,-0.41787,-0.0066312,0.00077649,0.0069806,0.0016529,-0.0034446,7.4832e-05,0.0026242,21.9499,-1.7296e-05,-0.00030333,-8.2994e-05,2.4315e-05,730.2392,950.4965,-2.59,-0.12358,-9.2107,5.8088,22.6839,0.26186
QG536,5.4497,-0.016069,0.56237,-2.8494,-0.0029883,0.00051837,0.0021536,0.00014743,-0.0040085,5.0291e-05,0.0020985,1.7328,-4.5694e-05,-0.00061194,-0.0002426,-4.1041e-05,460.5531,401.7577,-3.2,-0.18668,-4.8971,5.118,10.1228,0.18976
QG556,3.3966,-0.028149,-2.3883,2.8926,-0.0093615,0.0011286,0.0087375,0.0027539,-0.0087401,0.00065053,0.0086507,29.6185,2.5542e-06,-0.00012058,-0.00010784,0.00037577,224.937,696.5388,-1.32,-0.063863,-5.4896,0.31891,20.7626,0.36095
QG557,7.7176,-0.028418,-9.936,7.2679,-0.015051,0.00078548,0.014024,0.001805,-0.012088,0.00051903,0.01068,22.0703,-1.5544e-05,-0.00042477,-8.1978e-05,0.00029224,-78.0976,-148.5237,-5.04,-0.083732,-1.0396,2.1575,4.4857,0.46358
QW947,5.0924,-0.010488,-4.5525,1.9954,-0.0071741,0.00056513,0.007279,0.00055917,-0.0046126,0.00029323,0.0044344,23.1293,-3.6445e-05,-0.00040897,-0.00024265,0.00020027,241.6138,196.2106,-1.04,-0.060444,-5.6102,3.2957,15.9145,0.20276
QX1212,5.6485,-0.010863,-5.2592,4.0753,-0.0088008,0.00052284,0.0086567,0.0020078,-0.0020198,0.0003852,0.0019005,35.6882,-1.6993e-05,-6.2252e-05,-2.9596e-05,0.00028633,594.0724,1085.0181,-0.92,-0.13671,-7.1597,2.199,21.1157,0.39142
QX1233,6.5113,-0.025903,-4.8514,3.0726,-0.0057922,0.001842,0.0058474,0.0026686,-0.0087458,0.00048019,0.0085493,17.9706,-9.7174e-06,-0.00011616,-6.6569e-05,0.00023375,148.7077,338.2513,-4.28,-0.12898,-6.628,3.0783,12.1603,0.23342
QX1791,2.2596,-0.026628,-2.0902,1.5664,-0.0073072,0.0011446,0.0052112,0.0013378,-0.0063854,9.0897e-05,0.005802,37.1849,-3.0268e-05,-0.00033363,-0.00012204,-1.9548e-05,643.7841,837.5442,-2.18,-0.078897,-8.7097,5.2239,20.8064,0.21295
QX1792,6.4673,-0.015572,-3.9649,3.3194,-0.0044897,-0.00029113,0.0039308,3.2783e-05,-0.0057418,7.4506e-05,0.0054522,19.2108,-9.4808e-06,-0.00027821,-0.00010465,2.5028e-05,332.9425,394.8909,-3.76,-0.16108,-3.5349,4.7284,9.834,0.0622
QX1793,4.2525,0.0016777,-6.2912,3.6488,-0.01375,0.00039935,0.010708,0.0032233,-0.006141,0.00087768,0.0042157,48.1896,-1.0679e-05,2.0348e-05,-9.0453e-06,0.00054285,201.9248,850.5981,0.08,-0.10056,-8.2443,7.5612,32.5914,0.35655
QX1794,5.4916,-0.014536,-8.07,5.658,-0.013769,0.0020416,0.013933,0.0037735,-0.0068583,0.00076573,0.0056482,33.1046,-1.4249e-05,-0.00013991,-0.0001881,0.00057398,774.965,516.5509,-1.48,-0.11398,-7.737,5.2803,20.5549,0.44888
RC301,8.0065,-0.018521,-3.2892,1.477,-0.0047394,0.00039078,0.005791,0.00032852,-0.0052181,0.00026561,0.0052045,13.2858,-2.9274e-05,-0.00039242,-0.00017474,0.00017911,-157.67,-381.3499,-3.04,-0.1889,-3.2413,3.0405,9.522,0.037751
WN2001,3.8865,-0.013487,-2.3356,4.4269,-0.00094213,0.0011723,0.0034564,0.0026993,-0.0035273,0.00043474,0.0045808,21.9895,-2.3877e-05,-0.00043172,-0.00014172,0.00022637,507.8436,717.9153,-3.52,-0.19136,-1.7098,0.83481,17.1255,0.49469
WN2002,8.3961,-0.011022,-6.7542,4.4518,-0.0079018,0.0012005,0.0079004,0.0017144,-0.0044701,0.00042515,0.0043306,38.032,-4.1619e-06,-0.00034827,-8.7921e-05,0.00024592,414.0458,739.099,-2.6,-0.15054,-7.6192,8.1169,20.9714,0.46528
WN2033,5.1285,-0.016615,-4.0809,4.2881,-0.013264,-0.00028713,0.012603,0.00022955,-0.005922,0.00043809,0.0049011,1.3716,-1.1224e-05,-0.00017022,-7.8339e-06,0.00025664,314.9474,646.6816,-3.04,-0.12488,0.1356,4.701,6.9703,0.10896
XZ1513,-0.033154,-0.0038584,-8.7362,8.0732,-0.0076437,0.0011748,0.0037107,0.0019695,-0.010623,0.00069365,0.010055,34.2094,-1.5664e-05,-0.00049468,-0.00012629,0.00038819,-203.2453,436.0176,-3.2,0.006175,-2.2448,1.5026,-0.58296,0.64537
XZ1514,5.4759,-0.00020698,1.1766,-0.45344,0.0014263,1.2666e-05,-0.00027929,0.00092803,-0.01375,-0.00018738,0.0079668,-7.4462,-3.3583e-05,-0.00057885,-0.00030608,3.0397e-05,335.567,-394.8037,1.2,0.035607,-2.478,-0.21814,2.1469,0.17288
XZ1516,6.9037,-0.014041,0.009644,0.11304,-0.0037708,0.00074636,0.0042814,0.0004129,-0.0058514,0.00010375,0.0050331,-6.303,-1.6327e-05,-0.0002214,-0.00017267,-5.4971e-06,-52.6362,-202.2882,-10.36,-0.1198,-1.2539,-2.051,1.1029,0.29316
