"","marker","CHROM","POS","trait","log10p","BF","aboveBF","strain","value","allele","var.exp","startPOS","peakPOS","endPOS","peak_id","interval_size"
"1","V_3802272","V",3802272,"d_blob_area_w_paused_IQR_medianDiff_all",5.37333444737619,5.2006316548101,1,"AB1",5468.75,-1,0.0725550830384109,3108999,3802272,4098200,1,989201
"2","V_3802272","V",3802272,"d_blob_area_w_paused_IQR_medianDiff_all",5.37333444737619,5.2006316548101,1,"BRC20067",3125,-1,0.0725550830384109,3108999,3802272,4098200,1,989201
"3","V_3802272","V",3802272,"d_blob_area_w_paused_IQR_medianDiff_all",5.37333444737619,5.2006316548101,1,"CB4852",937.5,-1,0.0725550830384109,3108999,3802272,4098200,1,989201
"4","V_3802272","V",3802272,"d_blob_area_w_paused_IQR_medianDiff_all",5.37333444737619,5.2006316548101,1,"CB4853",1562.5,-1,0.0725550830384109,3108999,3802272,4098200,1,989201
"5","V_3802272","V",3802272,"d_blob_area_w_paused_IQR_medianDiff_all",5.37333444737619,5.2006316548101,1,"CB4854",2500,-1,0.0725550830384109,3108999,3802272,4098200,1,989201
"6","V_3802272","V",3802272,"d_blob_area_w_paused_IQR_medianDiff_all",5.37333444737619,5.2006316548101,1,"CB4855",4843.75,-1,0.0725550830384109,3108999,3802272,4098200,1,989201
"7","V_3802272","V",3802272,"d_blob_area_w_paused_IQR_medianDiff_all",5.37333444737619,5.2006316548101,1,"CB4856",3515.625,1,0.0725550830384109,3108999,3802272,4098200,1,989201
"8","V_3802272","V",3802272,"d_blob_area_w_paused_IQR_medianDiff_all",5.37333444737619,5.2006316548101,1,"CB4857",3593.75,-1,0.0725550830384109,3108999,3802272,4098200,1,989201
"9","V_3802272","V",3802272,"d_blob_area_w_paused_IQR_medianDiff_all",5.37333444737619,5.2006316548101,1,"CB4858",2812.5,-1,0.0725550830384109,3108999,3802272,4098200,1,989201
"10","V_3802272","V",3802272,"d_blob_area_w_paused_IQR_medianDiff_all",5.37333444737619,5.2006316548101,1,"CB4932",3750,-1,0.0725550830384109,3108999,3802272,4098200,1,989201
"11","V_3802272","V",3802272,"d_blob_area_w_paused_IQR_medianDiff_all",5.37333444737619,5.2006316548101,1,"CX11254",2031.25,-1,0.0725550830384109,3108999,3802272,4098200,1,989201
"12","V_3802272","V",3802272,"d_blob_area_w_paused_IQR_medianDiff_all",5.37333444737619,5.2006316548101,1,"CX11262",-4218.75,-1,0.0725550830384109,3108999,3802272,4098200,1,989201
"13","V_3802272","V",3802272,"d_blob_area_w_paused_IQR_medianDiff_all",5.37333444737619,5.2006316548101,1,"CX11264",3125,-1,0.0725550830384109,3108999,3802272,4098200,1,989201
"14","V_3802272","V",3802272,"d_blob_area_w_paused_IQR_medianDiff_all",5.37333444737619,5.2006316548101,1,"CX11271",3281.25,-1,0.0725550830384109,3108999,3802272,4098200,1,989201
"15","V_3802272","V",3802272,"d_blob_area_w_paused_IQR_medianDiff_all",5.37333444737619,5.2006316548101,1,"CX11276",2812.5,-1,0.0725550830384109,3108999,3802272,4098200,1,989201
"16","V_3802272","V",3802272,"d_blob_area_w_paused_IQR_medianDiff_all",5.37333444737619,5.2006316548101,1,"CX11285",703.125,-1,0.0725550830384109,3108999,3802272,4098200,1,989201
"17","V_3802272","V",3802272,"d_blob_area_w_paused_IQR_medianDiff_all",5.37333444737619,5.2006316548101,1,"CX11292",3593.75,-1,0.0725550830384109,3108999,3802272,4098200,1,989201
"18","V_3802272","V",3802272,"d_blob_area_w_paused_IQR_medianDiff_all",5.37333444737619,5.2006316548101,1,"CX11307",1562.5,-1,0.0725550830384109,3108999,3802272,4098200,1,989201
"19","V_3802272","V",3802272,"d_blob_area_w_paused_IQR_medianDiff_all",5.37333444737619,5.2006316548101,1,"CX11314",3828.125,-1,0.0725550830384109,3108999,3802272,4098200,1,989201
"20","V_3802272","V",3802272,"d_blob_area_w_paused_IQR_medianDiff_all",5.37333444737619,5.2006316548101,1,"CX11315",5625,-1,0.0725550830384109,3108999,3802272,4098200,1,989201
"21","V_3802272","V",3802272,"d_blob_area_w_paused_IQR_medianDiff_all",5.37333444737619,5.2006316548101,1,"DL200",2968.75,1,0.0725550830384109,3108999,3802272,4098200,1,989201
"22","V_3802272","V",3802272,"d_blob_area_w_paused_IQR_medianDiff_all",5.37333444737619,5.2006316548101,1,"DL226",4843.75,-1,0.0725550830384109,3108999,3802272,4098200,1,989201
"23","V_3802272","V",3802272,"d_blob_area_w_paused_IQR_medianDiff_all",5.37333444737619,5.2006316548101,1,"DL238",1953.125,1,0.0725550830384109,3108999,3802272,4098200,1,989201
"24","V_3802272","V",3802272,"d_blob_area_w_paused_IQR_medianDiff_all",5.37333444737619,5.2006316548101,1,"ECA252",625,-1,0.0725550830384109,3108999,3802272,4098200,1,989201
"25","V_3802272","V",3802272,"d_blob_area_w_paused_IQR_medianDiff_all",5.37333444737619,5.2006316548101,1,"ECA348",1718.75,-1,0.0725550830384109,3108999,3802272,4098200,1,989201
"26","V_3802272","V",3802272,"d_blob_area_w_paused_IQR_medianDiff_all",5.37333444737619,5.2006316548101,1,"ECA349",5156.25,-1,0.0725550830384109,3108999,3802272,4098200,1,989201
"27","V_3802272","V",3802272,"d_blob_area_w_paused_IQR_medianDiff_all",5.37333444737619,5.2006316548101,1,"ECA36",1406.25,1,0.0725550830384109,3108999,3802272,4098200,1,989201
"28","V_3802272","V",3802272,"d_blob_area_w_paused_IQR_medianDiff_all",5.37333444737619,5.2006316548101,1,"ECA363",-312.5,1,0.0725550830384109,3108999,3802272,4098200,1,989201
"29","V_3802272","V",3802272,"d_blob_area_w_paused_IQR_medianDiff_all",5.37333444737619,5.2006316548101,1,"ECA372",2890.625,-1,0.0725550830384109,3108999,3802272,4098200,1,989201
"30","V_3802272","V",3802272,"d_blob_area_w_paused_IQR_medianDiff_all",5.37333444737619,5.2006316548101,1,"ECA396",-1875,1,0.0725550830384109,3108999,3802272,4098200,1,989201
"31","V_3802272","V",3802272,"d_blob_area_w_paused_IQR_medianDiff_all",5.37333444737619,5.2006316548101,1,"ED3005",3281.25,-1,0.0725550830384109,3108999,3802272,4098200,1,989201
"32","V_3802272","V",3802272,"d_blob_area_w_paused_IQR_medianDiff_all",5.37333444737619,5.2006316548101,1,"ED3011",4843.75,-1,0.0725550830384109,3108999,3802272,4098200,1,989201
"33","V_3802272","V",3802272,"d_blob_area_w_paused_IQR_medianDiff_all",5.37333444737619,5.2006316548101,1,"ED3012",4531.25,-1,0.0725550830384109,3108999,3802272,4098200,1,989201
"34","V_3802272","V",3802272,"d_blob_area_w_paused_IQR_medianDiff_all",5.37333444737619,5.2006316548101,1,"ED3017",2968.75,1,0.0725550830384109,3108999,3802272,4098200,1,989201
"35","V_3802272","V",3802272,"d_blob_area_w_paused_IQR_medianDiff_all",5.37333444737619,5.2006316548101,1,"ED3040",937.5,-1,0.0725550830384109,3108999,3802272,4098200,1,989201
"36","V_3802272","V",3802272,"d_blob_area_w_paused_IQR_medianDiff_all",5.37333444737619,5.2006316548101,1,"ED3046",4687.5,1,0.0725550830384109,3108999,3802272,4098200,1,989201
"37","V_3802272","V",3802272,"d_blob_area_w_paused_IQR_medianDiff_all",5.37333444737619,5.2006316548101,1,"ED3048",4765.625,-1,0.0725550830384109,3108999,3802272,4098200,1,989201
"38","V_3802272","V",3802272,"d_blob_area_w_paused_IQR_medianDiff_all",5.37333444737619,5.2006316548101,1,"ED3049",-8906.25,1,0.0725550830384109,3108999,3802272,4098200,1,989201
"39","V_3802272","V",3802272,"d_blob_area_w_paused_IQR_medianDiff_all",5.37333444737619,5.2006316548101,1,"ED3052",2187.5,-1,0.0725550830384109,3108999,3802272,4098200,1,989201
"40","V_3802272","V",3802272,"d_blob_area_w_paused_IQR_medianDiff_all",5.37333444737619,5.2006316548101,1,"ED3073",3593.75,-1,0.0725550830384109,3108999,3802272,4098200,1,989201
"41","V_3802272","V",3802272,"d_blob_area_w_paused_IQR_medianDiff_all",5.37333444737619,5.2006316548101,1,"ED3077",6406.25,-1,0.0725550830384109,3108999,3802272,4098200,1,989201
"42","V_3802272","V",3802272,"d_blob_area_w_paused_IQR_medianDiff_all",5.37333444737619,5.2006316548101,1,"EG4347",2812.5,-1,0.0725550830384109,3108999,3802272,4098200,1,989201
"43","V_3802272","V",3802272,"d_blob_area_w_paused_IQR_medianDiff_all",5.37333444737619,5.2006316548101,1,"EG4349",3906.25,1,0.0725550830384109,3108999,3802272,4098200,1,989201
"44","V_3802272","V",3802272,"d_blob_area_w_paused_IQR_medianDiff_all",5.37333444737619,5.2006316548101,1,"EG4724",2812.5,-1,0.0725550830384109,3108999,3802272,4098200,1,989201
"45","V_3802272","V",3802272,"d_blob_area_w_paused_IQR_medianDiff_all",5.37333444737619,5.2006316548101,1,"EG4725",1640.625,-1,0.0725550830384109,3108999,3802272,4098200,1,989201
"46","V_3802272","V",3802272,"d_blob_area_w_paused_IQR_medianDiff_all",5.37333444737619,5.2006316548101,1,"EG4946",2812.5,-1,0.0725550830384109,3108999,3802272,4098200,1,989201
"47","V_3802272","V",3802272,"d_blob_area_w_paused_IQR_medianDiff_all",5.37333444737619,5.2006316548101,1,"GXW1",4062.5,-1,0.0725550830384109,3108999,3802272,4098200,1,989201
"48","V_3802272","V",3802272,"d_blob_area_w_paused_IQR_medianDiff_all",5.37333444737619,5.2006316548101,1,"JT11398",3593.75,-1,0.0725550830384109,3108999,3802272,4098200,1,989201
"49","V_3802272","V",3802272,"d_blob_area_w_paused_IQR_medianDiff_all",5.37333444737619,5.2006316548101,1,"JU1088",3750,-1,0.0725550830384109,3108999,3802272,4098200,1,989201
"50","V_3802272","V",3802272,"d_blob_area_w_paused_IQR_medianDiff_all",5.37333444737619,5.2006316548101,1,"JU1172",2187.5,-1,0.0725550830384109,3108999,3802272,4098200,1,989201
"51","V_3802272","V",3802272,"d_blob_area_w_paused_IQR_medianDiff_all",5.37333444737619,5.2006316548101,1,"JU1200",3125,-1,0.0725550830384109,3108999,3802272,4098200,1,989201
"52","V_3802272","V",3802272,"d_blob_area_w_paused_IQR_medianDiff_all",5.37333444737619,5.2006316548101,1,"JU1212",312.5,1,0.0725550830384109,3108999,3802272,4098200,1,989201
"53","V_3802272","V",3802272,"d_blob_area_w_paused_IQR_medianDiff_all",5.37333444737619,5.2006316548101,1,"JU1213",4687.5,-1,0.0725550830384109,3108999,3802272,4098200,1,989201
"54","V_3802272","V",3802272,"d_blob_area_w_paused_IQR_medianDiff_all",5.37333444737619,5.2006316548101,1,"JU1242",4062.5,-1,0.0725550830384109,3108999,3802272,4098200,1,989201
"55","V_3802272","V",3802272,"d_blob_area_w_paused_IQR_medianDiff_all",5.37333444737619,5.2006316548101,1,"JU1246",3437.5,1,0.0725550830384109,3108999,3802272,4098200,1,989201
"56","V_3802272","V",3802272,"d_blob_area_w_paused_IQR_medianDiff_all",5.37333444737619,5.2006316548101,1,"JU1395",3593.75,-1,0.0725550830384109,3108999,3802272,4098200,1,989201
"57","V_3802272","V",3802272,"d_blob_area_w_paused_IQR_medianDiff_all",5.37333444737619,5.2006316548101,1,"JU1400",1562.5,-1,0.0725550830384109,3108999,3802272,4098200,1,989201
"58","V_3802272","V",3802272,"d_blob_area_w_paused_IQR_medianDiff_all",5.37333444737619,5.2006316548101,1,"JU1409",2187.5,-1,0.0725550830384109,3108999,3802272,4098200,1,989201
"59","V_3802272","V",3802272,"d_blob_area_w_paused_IQR_medianDiff_all",5.37333444737619,5.2006316548101,1,"JU1440",2812.5,-1,0.0725550830384109,3108999,3802272,4098200,1,989201
"60","V_3802272","V",3802272,"d_blob_area_w_paused_IQR_medianDiff_all",5.37333444737619,5.2006316548101,1,"JU1491",3906.25,-1,0.0725550830384109,3108999,3802272,4098200,1,989201
"61","V_3802272","V",3802272,"d_blob_area_w_paused_IQR_medianDiff_all",5.37333444737619,5.2006316548101,1,"JU1530",3906.25,-1,0.0725550830384109,3108999,3802272,4098200,1,989201
"62","V_3802272","V",3802272,"d_blob_area_w_paused_IQR_medianDiff_all",5.37333444737619,5.2006316548101,1,"JU1543",4218.75,-1,0.0725550830384109,3108999,3802272,4098200,1,989201
"63","V_3802272","V",3802272,"d_blob_area_w_paused_IQR_medianDiff_all",5.37333444737619,5.2006316548101,1,"JU1568",3125,-1,0.0725550830384109,3108999,3802272,4098200,1,989201
"64","V_3802272","V",3802272,"d_blob_area_w_paused_IQR_medianDiff_all",5.37333444737619,5.2006316548101,1,"JU1580",1718.75,1,0.0725550830384109,3108999,3802272,4098200,1,989201
"65","V_3802272","V",3802272,"d_blob_area_w_paused_IQR_medianDiff_all",5.37333444737619,5.2006316548101,1,"JU1581",4531.25,-1,0.0725550830384109,3108999,3802272,4098200,1,989201
"66","V_3802272","V",3802272,"d_blob_area_w_paused_IQR_medianDiff_all",5.37333444737619,5.2006316548101,1,"JU1586",1250,-1,0.0725550830384109,3108999,3802272,4098200,1,989201
"67","V_3802272","V",3802272,"d_blob_area_w_paused_IQR_medianDiff_all",5.37333444737619,5.2006316548101,1,"JU1652",3750,-1,0.0725550830384109,3108999,3802272,4098200,1,989201
"68","V_3802272","V",3802272,"d_blob_area_w_paused_IQR_medianDiff_all",5.37333444737619,5.2006316548101,1,"JU1793",1328.125,1,0.0725550830384109,3108999,3802272,4098200,1,989201
"69","V_3802272","V",3802272,"d_blob_area_w_paused_IQR_medianDiff_all",5.37333444737619,5.2006316548101,1,"JU1808",8125,-1,0.0725550830384109,3108999,3802272,4098200,1,989201
"70","V_3802272","V",3802272,"d_blob_area_w_paused_IQR_medianDiff_all",5.37333444737619,5.2006316548101,1,"JU1896",2968.75,-1,0.0725550830384109,3108999,3802272,4098200,1,989201
"71","V_3802272","V",3802272,"d_blob_area_w_paused_IQR_medianDiff_all",5.37333444737619,5.2006316548101,1,"JU2001",-312.5,-1,0.0725550830384109,3108999,3802272,4098200,1,989201
"72","V_3802272","V",3802272,"d_blob_area_w_paused_IQR_medianDiff_all",5.37333444737619,5.2006316548101,1,"JU2007",4062.5,-1,0.0725550830384109,3108999,3802272,4098200,1,989201
"73","V_3802272","V",3802272,"d_blob_area_w_paused_IQR_medianDiff_all",5.37333444737619,5.2006316548101,1,"JU2131",3281.25,1,0.0725550830384109,3108999,3802272,4098200,1,989201
"74","V_3802272","V",3802272,"d_blob_area_w_paused_IQR_medianDiff_all",5.37333444737619,5.2006316548101,1,"JU2141",2343.75,-1,0.0725550830384109,3108999,3802272,4098200,1,989201
"75","V_3802272","V",3802272,"d_blob_area_w_paused_IQR_medianDiff_all",5.37333444737619,5.2006316548101,1,"JU2234",3593.75,-1,0.0725550830384109,3108999,3802272,4098200,1,989201
"76","V_3802272","V",3802272,"d_blob_area_w_paused_IQR_medianDiff_all",5.37333444737619,5.2006316548101,1,"JU2464",2500,-1,0.0725550830384109,3108999,3802272,4098200,1,989201
"77","V_3802272","V",3802272,"d_blob_area_w_paused_IQR_medianDiff_all",5.37333444737619,5.2006316548101,1,"JU2466",1406.25,-1,0.0725550830384109,3108999,3802272,4098200,1,989201
"78","V_3802272","V",3802272,"d_blob_area_w_paused_IQR_medianDiff_all",5.37333444737619,5.2006316548101,1,"JU2513",2812.5,-1,0.0725550830384109,3108999,3802272,4098200,1,989201
"79","V_3802272","V",3802272,"d_blob_area_w_paused_IQR_medianDiff_all",5.37333444737619,5.2006316548101,1,"JU2519",3750,1,0.0725550830384109,3108999,3802272,4098200,1,989201
"80","V_3802272","V",3802272,"d_blob_area_w_paused_IQR_medianDiff_all",5.37333444737619,5.2006316548101,1,"JU2522",1875,-1,0.0725550830384109,3108999,3802272,4098200,1,989201
"81","V_3802272","V",3802272,"d_blob_area_w_paused_IQR_medianDiff_all",5.37333444737619,5.2006316548101,1,"JU2526",3437.5,1,0.0725550830384109,3108999,3802272,4098200,1,989201
"82","V_3802272","V",3802272,"d_blob_area_w_paused_IQR_medianDiff_all",5.37333444737619,5.2006316548101,1,"JU2534",4531.25,-1,0.0725550830384109,3108999,3802272,4098200,1,989201
"83","V_3802272","V",3802272,"d_blob_area_w_paused_IQR_medianDiff_all",5.37333444737619,5.2006316548101,1,"JU2565",2031.25,-1,0.0725550830384109,3108999,3802272,4098200,1,989201
"84","V_3802272","V",3802272,"d_blob_area_w_paused_IQR_medianDiff_all",5.37333444737619,5.2006316548101,1,"JU2566",3906.25,-1,0.0725550830384109,3108999,3802272,4098200,1,989201
"85","V_3802272","V",3802272,"d_blob_area_w_paused_IQR_medianDiff_all",5.37333444737619,5.2006316548101,1,"JU2578",2812.5,-1,0.0725550830384109,3108999,3802272,4098200,1,989201
"86","V_3802272","V",3802272,"d_blob_area_w_paused_IQR_medianDiff_all",5.37333444737619,5.2006316548101,1,"JU258",2343.75,1,0.0725550830384109,3108999,3802272,4098200,1,989201
"87","V_3802272","V",3802272,"d_blob_area_w_paused_IQR_medianDiff_all",5.37333444737619,5.2006316548101,1,"JU2587",3125,-1,0.0725550830384109,3108999,3802272,4098200,1,989201
"88","V_3802272","V",3802272,"d_blob_area_w_paused_IQR_medianDiff_all",5.37333444737619,5.2006316548101,1,"JU2593",5937.5,-1,0.0725550830384109,3108999,3802272,4098200,1,989201
"89","V_3802272","V",3802272,"d_blob_area_w_paused_IQR_medianDiff_all",5.37333444737619,5.2006316548101,1,"JU2600",3750,-1,0.0725550830384109,3108999,3802272,4098200,1,989201
"90","V_3802272","V",3802272,"d_blob_area_w_paused_IQR_medianDiff_all",5.37333444737619,5.2006316548101,1,"JU2800",5468.75,-1,0.0725550830384109,3108999,3802272,4098200,1,989201
"91","V_3802272","V",3802272,"d_blob_area_w_paused_IQR_medianDiff_all",5.37333444737619,5.2006316548101,1,"JU2862",3750,-1,0.0725550830384109,3108999,3802272,4098200,1,989201
"92","V_3802272","V",3802272,"d_blob_area_w_paused_IQR_medianDiff_all",5.37333444737619,5.2006316548101,1,"JU2866",5312.5,-1,0.0725550830384109,3108999,3802272,4098200,1,989201
"93","V_3802272","V",3802272,"d_blob_area_w_paused_IQR_medianDiff_all",5.37333444737619,5.2006316548101,1,"JU2878",3125,-1,0.0725550830384109,3108999,3802272,4098200,1,989201
"94","V_3802272","V",3802272,"d_blob_area_w_paused_IQR_medianDiff_all",5.37333444737619,5.2006316548101,1,"JU2879",3593.75,-1,0.0725550830384109,3108999,3802272,4098200,1,989201
"95","V_3802272","V",3802272,"d_blob_area_w_paused_IQR_medianDiff_all",5.37333444737619,5.2006316548101,1,"JU2906",1250,-1,0.0725550830384109,3108999,3802272,4098200,1,989201
"96","V_3802272","V",3802272,"d_blob_area_w_paused_IQR_medianDiff_all",5.37333444737619,5.2006316548101,1,"JU310",2812.5,-1,0.0725550830384109,3108999,3802272,4098200,1,989201
"97","V_3802272","V",3802272,"d_blob_area_w_paused_IQR_medianDiff_all",5.37333444737619,5.2006316548101,1,"JU311",3671.875,-1,0.0725550830384109,3108999,3802272,4098200,1,989201
"98","V_3802272","V",3802272,"d_blob_area_w_paused_IQR_medianDiff_all",5.37333444737619,5.2006316548101,1,"JU3125",5625,-1,0.0725550830384109,3108999,3802272,4098200,1,989201
"99","V_3802272","V",3802272,"d_blob_area_w_paused_IQR_medianDiff_all",5.37333444737619,5.2006316548101,1,"JU3127",3437.5,-1,0.0725550830384109,3108999,3802272,4098200,1,989201
"100","V_3802272","V",3802272,"d_blob_area_w_paused_IQR_medianDiff_all",5.37333444737619,5.2006316548101,1,"JU3134",4531.25,-1,0.0725550830384109,3108999,3802272,4098200,1,989201
"101","V_3802272","V",3802272,"d_blob_area_w_paused_IQR_medianDiff_all",5.37333444737619,5.2006316548101,1,"JU3135",5156.25,-1,0.0725550830384109,3108999,3802272,4098200,1,989201
"102","V_3802272","V",3802272,"d_blob_area_w_paused_IQR_medianDiff_all",5.37333444737619,5.2006316548101,1,"JU3137",3125,-1,0.0725550830384109,3108999,3802272,4098200,1,989201
"103","V_3802272","V",3802272,"d_blob_area_w_paused_IQR_medianDiff_all",5.37333444737619,5.2006316548101,1,"JU3140",3906.25,-1,0.0725550830384109,3108999,3802272,4098200,1,989201
"104","V_3802272","V",3802272,"d_blob_area_w_paused_IQR_medianDiff_all",5.37333444737619,5.2006316548101,1,"JU323",3281.25,-1,0.0725550830384109,3108999,3802272,4098200,1,989201
"105","V_3802272","V",3802272,"d_blob_area_w_paused_IQR_medianDiff_all",5.37333444737619,5.2006316548101,1,"JU346",2500,-1,0.0725550830384109,3108999,3802272,4098200,1,989201
"106","V_3802272","V",3802272,"d_blob_area_w_paused_IQR_medianDiff_all",5.37333444737619,5.2006316548101,1,"JU360",4218.75,-1,0.0725550830384109,3108999,3802272,4098200,1,989201
"107","V_3802272","V",3802272,"d_blob_area_w_paused_IQR_medianDiff_all",5.37333444737619,5.2006316548101,1,"JU367",468.75,-1,0.0725550830384109,3108999,3802272,4098200,1,989201
"108","V_3802272","V",3802272,"d_blob_area_w_paused_IQR_medianDiff_all",5.37333444737619,5.2006316548101,1,"JU393",2656.25,-1,0.0725550830384109,3108999,3802272,4098200,1,989201
"109","V_3802272","V",3802272,"d_blob_area_w_paused_IQR_medianDiff_all",5.37333444737619,5.2006316548101,1,"JU394",1562.5,-1,0.0725550830384109,3108999,3802272,4098200,1,989201
"110","V_3802272","V",3802272,"d_blob_area_w_paused_IQR_medianDiff_all",5.37333444737619,5.2006316548101,1,"JU397",4062.5,-1,0.0725550830384109,3108999,3802272,4098200,1,989201
"111","V_3802272","V",3802272,"d_blob_area_w_paused_IQR_medianDiff_all",5.37333444737619,5.2006316548101,1,"JU406",3125,-1,0.0725550830384109,3108999,3802272,4098200,1,989201
"112","V_3802272","V",3802272,"d_blob_area_w_paused_IQR_medianDiff_all",5.37333444737619,5.2006316548101,1,"JU440",3242.1875,-1,0.0725550830384109,3108999,3802272,4098200,1,989201
"113","V_3802272","V",3802272,"d_blob_area_w_paused_IQR_medianDiff_all",5.37333444737619,5.2006316548101,1,"JU561",4375,-1,0.0725550830384109,3108999,3802272,4098200,1,989201
"114","V_3802272","V",3802272,"d_blob_area_w_paused_IQR_medianDiff_all",5.37333444737619,5.2006316548101,1,"JU642",2812.5,-1,0.0725550830384109,3108999,3802272,4098200,1,989201
"115","V_3802272","V",3802272,"d_blob_area_w_paused_IQR_medianDiff_all",5.37333444737619,5.2006316548101,1,"JU751",4375,-1,0.0725550830384109,3108999,3802272,4098200,1,989201
"116","V_3802272","V",3802272,"d_blob_area_w_paused_IQR_medianDiff_all",5.37333444737619,5.2006316548101,1,"JU774",5000,-1,0.0725550830384109,3108999,3802272,4098200,1,989201
"117","V_3802272","V",3802272,"d_blob_area_w_paused_IQR_medianDiff_all",5.37333444737619,5.2006316548101,1,"JU775",3125,1,0.0725550830384109,3108999,3802272,4098200,1,989201
"118","V_3802272","V",3802272,"d_blob_area_w_paused_IQR_medianDiff_all",5.37333444737619,5.2006316548101,1,"JU778",4531.25,-1,0.0725550830384109,3108999,3802272,4098200,1,989201
"119","V_3802272","V",3802272,"d_blob_area_w_paused_IQR_medianDiff_all",5.37333444737619,5.2006316548101,1,"JU782",3125,-1,0.0725550830384109,3108999,3802272,4098200,1,989201
"120","V_3802272","V",3802272,"d_blob_area_w_paused_IQR_medianDiff_all",5.37333444737619,5.2006316548101,1,"JU792",3906.25,-1,0.0725550830384109,3108999,3802272,4098200,1,989201
"121","V_3802272","V",3802272,"d_blob_area_w_paused_IQR_medianDiff_all",5.37333444737619,5.2006316548101,1,"JU830",3750,-1,0.0725550830384109,3108999,3802272,4098200,1,989201
"122","V_3802272","V",3802272,"d_blob_area_w_paused_IQR_medianDiff_all",5.37333444737619,5.2006316548101,1,"JU847",2812.5,-1,0.0725550830384109,3108999,3802272,4098200,1,989201
"123","V_3802272","V",3802272,"d_blob_area_w_paused_IQR_medianDiff_all",5.37333444737619,5.2006316548101,1,"KR314",2343.75,-1,0.0725550830384109,3108999,3802272,4098200,1,989201
"124","V_3802272","V",3802272,"d_blob_area_w_paused_IQR_medianDiff_all",5.37333444737619,5.2006316548101,1,"LKC34",3750,-1,0.0725550830384109,3108999,3802272,4098200,1,989201
"125","V_3802272","V",3802272,"d_blob_area_w_paused_IQR_medianDiff_all",5.37333444737619,5.2006316548101,1,"LSJ1",2812.5,-1,0.0725550830384109,3108999,3802272,4098200,1,989201
"126","V_3802272","V",3802272,"d_blob_area_w_paused_IQR_medianDiff_all",5.37333444737619,5.2006316548101,1,"MY1",2812.5,-1,0.0725550830384109,3108999,3802272,4098200,1,989201
"127","V_3802272","V",3802272,"d_blob_area_w_paused_IQR_medianDiff_all",5.37333444737619,5.2006316548101,1,"MY10",-2968.75,1,0.0725550830384109,3108999,3802272,4098200,1,989201
"128","V_3802272","V",3802272,"d_blob_area_w_paused_IQR_medianDiff_all",5.37333444737619,5.2006316548101,1,"MY16",4375,-1,0.0725550830384109,3108999,3802272,4098200,1,989201
"129","V_3802272","V",3802272,"d_blob_area_w_paused_IQR_medianDiff_all",5.37333444737619,5.2006316548101,1,"MY18",3437.5,-1,0.0725550830384109,3108999,3802272,4098200,1,989201
"130","V_3802272","V",3802272,"d_blob_area_w_paused_IQR_medianDiff_all",5.37333444737619,5.2006316548101,1,"MY2212",3125,-1,0.0725550830384109,3108999,3802272,4098200,1,989201
"131","V_3802272","V",3802272,"d_blob_area_w_paused_IQR_medianDiff_all",5.37333444737619,5.2006316548101,1,"MY23",5468.75,-1,0.0725550830384109,3108999,3802272,4098200,1,989201
"132","V_3802272","V",3802272,"d_blob_area_w_paused_IQR_medianDiff_all",5.37333444737619,5.2006316548101,1,"MY2453",5000,-1,0.0725550830384109,3108999,3802272,4098200,1,989201
"133","V_3802272","V",3802272,"d_blob_area_w_paused_IQR_medianDiff_all",5.37333444737619,5.2006316548101,1,"MY2530",4062.5,-1,0.0725550830384109,3108999,3802272,4098200,1,989201
"134","V_3802272","V",3802272,"d_blob_area_w_paused_IQR_medianDiff_all",5.37333444737619,5.2006316548101,1,"MY2535",2656.25,-1,0.0725550830384109,3108999,3802272,4098200,1,989201
"135","V_3802272","V",3802272,"d_blob_area_w_paused_IQR_medianDiff_all",5.37333444737619,5.2006316548101,1,"MY2573",2656.25,-1,0.0725550830384109,3108999,3802272,4098200,1,989201
"136","V_3802272","V",3802272,"d_blob_area_w_paused_IQR_medianDiff_all",5.37333444737619,5.2006316548101,1,"MY2693",4375,-1,0.0725550830384109,3108999,3802272,4098200,1,989201
"137","V_3802272","V",3802272,"d_blob_area_w_paused_IQR_medianDiff_all",5.37333444737619,5.2006316548101,1,"MY2741",3593.75,-1,0.0725550830384109,3108999,3802272,4098200,1,989201
"138","V_3802272","V",3802272,"d_blob_area_w_paused_IQR_medianDiff_all",5.37333444737619,5.2006316548101,1,"MY679",1875,-1,0.0725550830384109,3108999,3802272,4098200,1,989201
"139","V_3802272","V",3802272,"d_blob_area_w_paused_IQR_medianDiff_all",5.37333444737619,5.2006316548101,1,"MY920",781.25,-1,0.0725550830384109,3108999,3802272,4098200,1,989201
"140","V_3802272","V",3802272,"d_blob_area_w_paused_IQR_medianDiff_all",5.37333444737619,5.2006316548101,1,"N2",625,-1,0.0725550830384109,3108999,3802272,4098200,1,989201
"141","V_3802272","V",3802272,"d_blob_area_w_paused_IQR_medianDiff_all",5.37333444737619,5.2006316548101,1,"NIC1",1875,-1,0.0725550830384109,3108999,3802272,4098200,1,989201
"142","V_3802272","V",3802272,"d_blob_area_w_paused_IQR_medianDiff_all",5.37333444737619,5.2006316548101,1,"NIC1107",-1562.5,-1,0.0725550830384109,3108999,3802272,4098200,1,989201
"143","V_3802272","V",3802272,"d_blob_area_w_paused_IQR_medianDiff_all",5.37333444737619,5.2006316548101,1,"NIC166",3281.25,-1,0.0725550830384109,3108999,3802272,4098200,1,989201
"144","V_3802272","V",3802272,"d_blob_area_w_paused_IQR_medianDiff_all",5.37333444737619,5.2006316548101,1,"NIC195",4843.75,-1,0.0725550830384109,3108999,3802272,4098200,1,989201
"145","V_3802272","V",3802272,"d_blob_area_w_paused_IQR_medianDiff_all",5.37333444737619,5.2006316548101,1,"NIC199",3281.25,1,0.0725550830384109,3108999,3802272,4098200,1,989201
"146","V_3802272","V",3802272,"d_blob_area_w_paused_IQR_medianDiff_all",5.37333444737619,5.2006316548101,1,"NIC2",3125,-1,0.0725550830384109,3108999,3802272,4098200,1,989201
"147","V_3802272","V",3802272,"d_blob_area_w_paused_IQR_medianDiff_all",5.37333444737619,5.2006316548101,1,"NIC207",2812.5,-1,0.0725550830384109,3108999,3802272,4098200,1,989201
"148","V_3802272","V",3802272,"d_blob_area_w_paused_IQR_medianDiff_all",5.37333444737619,5.2006316548101,1,"NIC231",2656.25,-1,0.0725550830384109,3108999,3802272,4098200,1,989201
"149","V_3802272","V",3802272,"d_blob_area_w_paused_IQR_medianDiff_all",5.37333444737619,5.2006316548101,1,"NIC236",3281.25,-1,0.0725550830384109,3108999,3802272,4098200,1,989201
"150","V_3802272","V",3802272,"d_blob_area_w_paused_IQR_medianDiff_all",5.37333444737619,5.2006316548101,1,"NIC242",3906.25,-1,0.0725550830384109,3108999,3802272,4098200,1,989201
"151","V_3802272","V",3802272,"d_blob_area_w_paused_IQR_medianDiff_all",5.37333444737619,5.2006316548101,1,"NIC251",3125,-1,0.0725550830384109,3108999,3802272,4098200,1,989201
"152","V_3802272","V",3802272,"d_blob_area_w_paused_IQR_medianDiff_all",5.37333444737619,5.2006316548101,1,"NIC252",5234.375,-1,0.0725550830384109,3108999,3802272,4098200,1,989201
"153","V_3802272","V",3802272,"d_blob_area_w_paused_IQR_medianDiff_all",5.37333444737619,5.2006316548101,1,"NIC255",1250,-1,0.0725550830384109,3108999,3802272,4098200,1,989201
"154","V_3802272","V",3802272,"d_blob_area_w_paused_IQR_medianDiff_all",5.37333444737619,5.2006316548101,1,"NIC256",1093.75,-1,0.0725550830384109,3108999,3802272,4098200,1,989201
"155","V_3802272","V",3802272,"d_blob_area_w_paused_IQR_medianDiff_all",5.37333444737619,5.2006316548101,1,"NIC258",478.1626,1,0.0725550830384109,3108999,3802272,4098200,1,989201
"156","V_3802272","V",3802272,"d_blob_area_w_paused_IQR_medianDiff_all",5.37333444737619,5.2006316548101,1,"NIC259",1875,-1,0.0725550830384109,3108999,3802272,4098200,1,989201
"157","V_3802272","V",3802272,"d_blob_area_w_paused_IQR_medianDiff_all",5.37333444737619,5.2006316548101,1,"NIC260",4218.75,-1,0.0725550830384109,3108999,3802272,4098200,1,989201
"158","V_3802272","V",3802272,"d_blob_area_w_paused_IQR_medianDiff_all",5.37333444737619,5.2006316548101,1,"NIC261",781.25,-1,0.0725550830384109,3108999,3802272,4098200,1,989201
"159","V_3802272","V",3802272,"d_blob_area_w_paused_IQR_medianDiff_all",5.37333444737619,5.2006316548101,1,"NIC262",1093.75,-1,0.0725550830384109,3108999,3802272,4098200,1,989201
"160","V_3802272","V",3802272,"d_blob_area_w_paused_IQR_medianDiff_all",5.37333444737619,5.2006316548101,1,"NIC265",2187.5,1,0.0725550830384109,3108999,3802272,4098200,1,989201
"161","V_3802272","V",3802272,"d_blob_area_w_paused_IQR_medianDiff_all",5.37333444737619,5.2006316548101,1,"NIC266",2968.75,-1,0.0725550830384109,3108999,3802272,4098200,1,989201
"162","V_3802272","V",3802272,"d_blob_area_w_paused_IQR_medianDiff_all",5.37333444737619,5.2006316548101,1,"NIC267",3046.875,-1,0.0725550830384109,3108999,3802272,4098200,1,989201
"163","V_3802272","V",3802272,"d_blob_area_w_paused_IQR_medianDiff_all",5.37333444737619,5.2006316548101,1,"NIC268",5312.5,-1,0.0725550830384109,3108999,3802272,4098200,1,989201
"164","V_3802272","V",3802272,"d_blob_area_w_paused_IQR_medianDiff_all",5.37333444737619,5.2006316548101,1,"NIC269",3281.25,-1,0.0725550830384109,3108999,3802272,4098200,1,989201
"165","V_3802272","V",3802272,"d_blob_area_w_paused_IQR_medianDiff_all",5.37333444737619,5.2006316548101,1,"NIC271",2343.75,-1,0.0725550830384109,3108999,3802272,4098200,1,989201
"166","V_3802272","V",3802272,"d_blob_area_w_paused_IQR_medianDiff_all",5.37333444737619,5.2006316548101,1,"NIC272",5468.75,-1,0.0725550830384109,3108999,3802272,4098200,1,989201
"167","V_3802272","V",3802272,"d_blob_area_w_paused_IQR_medianDiff_all",5.37333444737619,5.2006316548101,1,"NIC274",2656.25,-1,0.0725550830384109,3108999,3802272,4098200,1,989201
"168","V_3802272","V",3802272,"d_blob_area_w_paused_IQR_medianDiff_all",5.37333444737619,5.2006316548101,1,"NIC275",5234.375,-1,0.0725550830384109,3108999,3802272,4098200,1,989201
"169","V_3802272","V",3802272,"d_blob_area_w_paused_IQR_medianDiff_all",5.37333444737619,5.2006316548101,1,"NIC276",5781.25,-1,0.0725550830384109,3108999,3802272,4098200,1,989201
"170","V_3802272","V",3802272,"d_blob_area_w_paused_IQR_medianDiff_all",5.37333444737619,5.2006316548101,1,"NIC277",3515.625,-1,0.0725550830384109,3108999,3802272,4098200,1,989201
"171","V_3802272","V",3802272,"d_blob_area_w_paused_IQR_medianDiff_all",5.37333444737619,5.2006316548101,1,"NIC3",1875,-1,0.0725550830384109,3108999,3802272,4098200,1,989201
"172","V_3802272","V",3802272,"d_blob_area_w_paused_IQR_medianDiff_all",5.37333444737619,5.2006316548101,1,"NIC513",1875,-1,0.0725550830384109,3108999,3802272,4098200,1,989201
"173","V_3802272","V",3802272,"d_blob_area_w_paused_IQR_medianDiff_all",5.37333444737619,5.2006316548101,1,"NIC514",4062.5,-1,0.0725550830384109,3108999,3802272,4098200,1,989201
"174","V_3802272","V",3802272,"d_blob_area_w_paused_IQR_medianDiff_all",5.37333444737619,5.2006316548101,1,"NIC522",3984.375,-1,0.0725550830384109,3108999,3802272,4098200,1,989201
"175","V_3802272","V",3802272,"d_blob_area_w_paused_IQR_medianDiff_all",5.37333444737619,5.2006316548101,1,"NIC523",3125,-1,0.0725550830384109,3108999,3802272,4098200,1,989201
"176","V_3802272","V",3802272,"d_blob_area_w_paused_IQR_medianDiff_all",5.37333444737619,5.2006316548101,1,"PB303",5000,-1,0.0725550830384109,3108999,3802272,4098200,1,989201
"177","V_3802272","V",3802272,"d_blob_area_w_paused_IQR_medianDiff_all",5.37333444737619,5.2006316548101,1,"PB306",4453.125,-1,0.0725550830384109,3108999,3802272,4098200,1,989201
"178","V_3802272","V",3802272,"d_blob_area_w_paused_IQR_medianDiff_all",5.37333444737619,5.2006316548101,1,"PS2025",2187.5,-1,0.0725550830384109,3108999,3802272,4098200,1,989201
"179","V_3802272","V",3802272,"d_blob_area_w_paused_IQR_medianDiff_all",5.37333444737619,5.2006316548101,1,"PX179",3593.75,-1,0.0725550830384109,3108999,3802272,4098200,1,989201
"180","V_3802272","V",3802272,"d_blob_area_w_paused_IQR_medianDiff_all",5.37333444737619,5.2006316548101,1,"QG2075",468.75,1,0.0725550830384109,3108999,3802272,4098200,1,989201
"181","V_3802272","V",3802272,"d_blob_area_w_paused_IQR_medianDiff_all",5.37333444737619,5.2006316548101,1,"QG536",781.25,-1,0.0725550830384109,3108999,3802272,4098200,1,989201
"182","V_3802272","V",3802272,"d_blob_area_w_paused_IQR_medianDiff_all",5.37333444737619,5.2006316548101,1,"QG556",3906.25,-1,0.0725550830384109,3108999,3802272,4098200,1,989201
"183","V_3802272","V",3802272,"d_blob_area_w_paused_IQR_medianDiff_all",5.37333444737619,5.2006316548101,1,"QG557",312.5,-1,0.0725550830384109,3108999,3802272,4098200,1,989201
"184","V_3802272","V",3802272,"d_blob_area_w_paused_IQR_medianDiff_all",5.37333444737619,5.2006316548101,1,"QW947",1640.625,-1,0.0725550830384109,3108999,3802272,4098200,1,989201
"185","V_3802272","V",3802272,"d_blob_area_w_paused_IQR_medianDiff_all",5.37333444737619,5.2006316548101,1,"QX1212",3593.75,-1,0.0725550830384109,3108999,3802272,4098200,1,989201
"186","V_3802272","V",3802272,"d_blob_area_w_paused_IQR_medianDiff_all",5.37333444737619,5.2006316548101,1,"QX1233",4062.5,-1,0.0725550830384109,3108999,3802272,4098200,1,989201
"187","V_3802272","V",3802272,"d_blob_area_w_paused_IQR_medianDiff_all",5.37333444737619,5.2006316548101,1,"QX1791",1562.5,1,0.0725550830384109,3108999,3802272,4098200,1,989201
"188","V_3802272","V",3802272,"d_blob_area_w_paused_IQR_medianDiff_all",5.37333444737619,5.2006316548101,1,"QX1792",3906.25,-1,0.0725550830384109,3108999,3802272,4098200,1,989201
"189","V_3802272","V",3802272,"d_blob_area_w_paused_IQR_medianDiff_all",5.37333444737619,5.2006316548101,1,"QX1793",4062.5,-1,0.0725550830384109,3108999,3802272,4098200,1,989201
"190","V_3802272","V",3802272,"d_blob_area_w_paused_IQR_medianDiff_all",5.37333444737619,5.2006316548101,1,"QX1794",2031.25,-1,0.0725550830384109,3108999,3802272,4098200,1,989201
"191","V_3802272","V",3802272,"d_blob_area_w_paused_IQR_medianDiff_all",5.37333444737619,5.2006316548101,1,"RC301",5000,-1,0.0725550830384109,3108999,3802272,4098200,1,989201
"192","V_3802272","V",3802272,"d_blob_area_w_paused_IQR_medianDiff_all",5.37333444737619,5.2006316548101,1,"WN2001",468.75,1,0.0725550830384109,3108999,3802272,4098200,1,989201
"193","V_3802272","V",3802272,"d_blob_area_w_paused_IQR_medianDiff_all",5.37333444737619,5.2006316548101,1,"WN2002",2031.25,-1,0.0725550830384109,3108999,3802272,4098200,1,989201
"194","V_3802272","V",3802272,"d_blob_area_w_paused_IQR_medianDiff_all",5.37333444737619,5.2006316548101,1,"WN2033",4062.5,-1,0.0725550830384109,3108999,3802272,4098200,1,989201
"195","V_3802272","V",3802272,"d_blob_area_w_paused_IQR_medianDiff_all",5.37333444737619,5.2006316548101,1,"XZ1513",4843.75,-1,0.0725550830384109,3108999,3802272,4098200,1,989201
"196","V_3802272","V",3802272,"d_blob_area_w_paused_IQR_medianDiff_all",5.37333444737619,5.2006316548101,1,"XZ1514",2343.75,1,0.0725550830384109,3108999,3802272,4098200,1,989201
"197","V_3802272","V",3802272,"d_blob_area_w_paused_IQR_medianDiff_all",5.37333444737619,5.2006316548101,1,"XZ1516",2187.5,1,0.0725550830384109,3108999,3802272,4098200,1,989201
